Extracurricular_Activities,Physical_Activity,Record_ID,Sleep_Hours
No,4,0,7
No,4,1,8
No,4,2,7
No,4,3,8
No,3,4,6
No,2,5,8
No,2,6,7
No,1,7,6
No,5,8,6
No,4,9,8
No,2,10,8
No,4,11,6
No,3,12,8
No,4,13,8
No,4,14,8
No,3,15,8
No,3,16,10
No,2,17,6
No,4,18,9
No,1,19,7
No,3,20,5
No,2,21,6
No,3,22,8
No,3,23,8
No,3,24,5
No,2,25,6
No,2,26,6
No,3,27,6
No,2,28,4
No,4,29,4
No,3,30,6
No,3,31,7
No,3,32,8
No,3,33,5
No,3,34,5
No,3,35,6
No,5,36,7
No,5,37,9
No,4,38,8
No,1,39,6
No,2,40,8
No,3,41,6
No,2,42,7
No,3,43,7
No,3,44,9
No,3,45,8
No,3,46,6
No,2,47,6
No,3,48,7
No,4,49,5
No,3,50,7
No,4,51,7
No,3,52,8
No,4,53,8
No,4,54,7
No,2,55,5
No,4,56,5
No,1,57,6
No,3,58,8
No,5,59,8
No,3,60,7
No,4,61,10
No,3,62,9
No,3,63,9
No,2,64,8
No,3,65,8
No,2,66,8
No,4,67,4
No,4,68,5
No,3,69,7
No,3,70,7
No,4,71,7
No,1,72,7
No,4,73,4
No,3,74,8
No,3,75,7
No,3,76,7
No,5,77,8
No,3,78,5
No,2,79,7
No,3,80,7
No,3,81,6
No,3,82,4
No,4,83,5
No,3,84,7
No,4,85,7
No,0,86,7
No,3,87,6
No,3,88,5
No,4,89,7
No,4,90,7
No,4,91,8
No,3,92,6
No,2,93,4
No,3,94,4
No,3,95,6
No,3,96,7
No,3,97,7
No,3,98,6
No,3,99,5
No,4,100,4
No,3,101,8
No,3,102,7
No,3,103,6
No,4,104,5
No,5,105,6
No,3,106,7
No,2,107,7
No,3,108,7
No,2,109,9
No,3,110,6
No,5,111,9
No,2,112,7
No,3,113,7
No,3,114,8
No,4,115,6
No,2,116,7
No,5,117,5
No,4,118,8
No,3,119,8
No,3,120,9
No,1,121,7
No,2,122,9
No,3,123,6
No,4,124,8
No,4,125,6
No,4,126,7
No,2,127,8
No,6,128,10
No,3,129,8
No,4,130,8
No,3,131,6
No,2,132,7
No,3,133,7
No,3,134,9
No,1,135,7
No,3,136,9
No,2,137,5
No,1,138,9
No,0,139,6
No,3,140,8
No,1,141,6
No,2,142,8
No,2,143,6
No,5,144,9
No,4,145,8
No,3,146,6
No,3,147,8
No,3,148,8
No,3,149,6
No,3,150,5
No,2,151,5
No,2,152,5
No,4,153,5
No,2,154,8
No,4,155,8
No,2,156,4
No,4,157,6
No,3,158,5
No,3,159,8
No,4,160,6
No,4,161,5
No,3,162,7
No,3,163,8
No,2,164,6
No,3,165,7
No,3,166,6
No,4,167,9
No,4,168,6
No,3,169,6
No,2,170,7
No,4,171,7
No,2,172,8
No,3,173,9
No,3,174,9
No,3,175,6
No,2,176,7
No,4,177,9
No,2,178,9
No,1,179,6
No,4,180,8
No,4,181,8
No,2,182,8
No,2,183,9
No,5,184,5
No,3,185,6
No,4,186,8
No,3,187,7
No,4,188,4
No,1,189,5
No,0,190,8
No,4,191,8
No,4,192,5
No,4,193,9
No,3,194,7
No,5,195,5
No,2,196,6
No,4,197,5
No,3,198,6
No,2,199,4
No,4,200,7
No,4,201,8
No,3,202,5
No,3,203,7
No,3,204,6
No,3,205,8
No,3,206,4
No,5,207,8
No,1,208,4
No,2,209,7
No,3,210,6
No,2,211,6
No,2,212,5
No,4,213,9
No,3,214,5
No,3,215,5
No,2,216,10
No,4,217,7
No,3,218,5
No,3,219,7
No,4,220,7
No,5,221,4
No,4,222,6
No,4,223,7
No,3,224,9
No,2,225,7
No,3,226,7
No,2,227,6
No,4,228,9
No,3,229,8
No,2,230,8
No,4,231,7
No,2,232,5
No,3,233,9
No,3,234,7
No,3,235,7
No,2,236,8
No,0,237,7
No,4,238,5
No,6,239,7
No,4,240,4
No,2,241,7
No,3,242,9
No,4,243,4
No,3,244,7
No,3,245,8
No,3,246,8
No,3,247,6
No,5,248,5
No,3,249,6
No,3,250,9
No,2,251,4
No,3,252,5
No,4,253,6
No,3,254,6
No,4,255,7
No,4,256,9
No,4,257,5
No,4,258,7
No,3,259,7
No,2,260,6
No,3,261,5
No,2,262,6
No,2,263,6
No,3,264,8
No,1,265,8
No,3,266,5
No,6,267,6
No,4,268,6
No,3,269,10
No,2,270,7
No,3,271,5
No,2,272,6
No,5,273,6
No,2,274,8
No,3,275,8
No,3,276,7
No,4,277,7
No,3,278,7
No,2,279,7
No,1,280,4
No,4,281,7
No,1,282,6
No,3,283,5
No,3,284,10
No,3,285,7
No,3,286,7
No,5,287,6
No,3,288,8
No,3,289,5
No,2,290,7
No,3,291,6
No,3,292,8
No,3,293,6
No,3,294,9
No,3,295,7
No,1,296,8
No,3,297,8
No,3,298,9
No,2,299,6
No,3,300,8
No,3,301,4
No,3,302,7
No,4,303,6
No,3,304,5
No,3,305,6
No,2,306,6
No,4,307,7
No,4,308,6
No,2,309,7
No,4,310,6
No,4,311,6
No,3,312,7
No,1,313,7
No,4,314,8
No,3,315,8
No,3,316,7
No,3,317,8
No,3,318,7
No,2,319,7
No,6,320,8
No,3,321,6
No,5,322,4
No,3,323,5
No,3,324,9
No,2,325,7
No,3,326,7
No,3,327,7
No,0,328,8
No,2,329,7
No,3,330,7
No,3,331,8
No,1,332,6
No,3,333,8
No,4,334,7
No,3,335,7
No,3,336,6
No,4,337,7
No,5,338,6
No,3,339,9
No,5,340,4
No,2,341,8
No,3,342,4
No,5,343,8
No,4,344,6
No,2,345,8
No,2,346,7
No,3,347,5
No,3,348,9
No,4,349,8
No,1,350,8
No,5,351,6
No,3,352,8
No,2,353,5
No,4,354,4
No,1,355,5
No,2,356,6
No,3,357,6
No,4,358,6
No,2,359,6
No,4,360,6
No,5,361,4
No,3,362,7
No,4,363,7
No,2,364,6
No,3,365,9
No,4,366,7
No,4,367,7
No,3,368,8
No,3,369,5
No,3,370,7
No,4,371,8
No,2,372,7
No,3,373,5
No,5,374,6
No,3,375,7
No,4,376,4
No,3,377,5
No,4,378,10
No,3,379,8
No,2,380,9
No,2,381,8
No,4,382,8
No,3,383,7
No,5,384,8
No,4,385,9
No,3,386,8
No,5,387,7
No,3,388,7
No,1,389,8
No,3,390,6
No,2,391,8
No,3,392,6
No,2,393,6
No,4,394,5
No,3,395,6
No,6,396,6
No,3,397,10
No,4,398,6
No,4,399,8
No,3,400,6
No,4,401,7
No,3,402,7
No,3,403,4
No,3,404,5
No,4,405,6
No,3,406,5
No,1,407,7
No,3,408,7
No,4,409,5
No,2,410,7
No,2,411,6
No,2,412,7
No,1,413,6
No,4,414,8
No,4,415,9
No,2,416,8
No,4,417,9
No,3,418,5
No,2,419,6
No,4,420,8
No,5,421,9
No,2,422,8
No,3,423,5
No,3,424,6
No,3,425,8
No,3,426,7
No,4,427,6
No,3,428,7
No,2,429,7
No,3,430,5
No,3,431,8
No,4,432,6
No,3,433,7
No,3,434,9
No,2,435,7
No,4,436,8
No,3,437,5
No,5,438,8
No,3,439,8
No,3,440,6
No,3,441,7
No,4,442,7
No,5,443,7
No,4,444,8
No,2,445,6
No,3,446,7
No,1,447,9
No,2,448,9
No,3,449,8
No,5,450,7
No,1,451,10
No,4,452,9
No,3,453,7
No,4,454,7
No,3,455,6
No,3,456,8
No,2,457,8
No,1,458,8
No,3,459,7
No,4,460,5
No,3,461,7
No,4,462,8
No,2,463,6
No,4,464,7
No,3,465,9
No,5,466,5
No,2,467,7
No,3,468,9
No,2,469,7
No,2,470,6
No,4,471,7
No,1,472,8
No,2,473,7
No,3,474,8
No,3,475,7
No,3,476,7
No,3,477,8
No,3,478,7
No,4,479,6
No,3,480,8
No,4,481,7
No,2,482,6
No,2,483,8
No,3,484,9
No,4,485,7
No,4,486,7
No,1,487,5
No,4,488,7
No,5,489,7
No,4,490,7
No,2,491,6
No,3,492,8
No,4,493,7
No,2,494,10
No,3,495,7
No,4,496,4
No,4,497,5
No,2,498,8
No,4,499,6
No,2,500,6
No,3,501,5
No,1,502,6
No,2,503,7
No,2,504,8
No,4,505,5
No,3,506,8
No,3,507,5
No,4,508,8
No,3,509,8
No,4,510,6
No,4,511,5
No,2,512,8
No,2,513,6
No,1,514,7
No,3,515,8
No,4,516,8
No,3,517,6
No,3,518,7
No,4,519,6
No,5,520,8
No,4,521,9
No,4,522,6
No,3,523,7
No,3,524,8
No,4,525,7
No,2,526,8
No,3,527,7
No,2,528,5
No,4,529,7
No,3,530,9
No,3,531,7
No,1,532,9
No,2,533,4
No,4,534,8
No,2,535,6
No,2,536,6
No,2,537,9
No,3,538,7
No,3,539,6
No,3,540,8
No,2,541,4
No,4,542,9
No,3,543,10
No,3,544,8
No,2,545,8
No,3,546,7
No,5,547,5
No,4,548,9
No,4,549,8
No,4,550,8
No,3,551,8
No,3,552,7
No,1,553,6
No,4,554,10
No,3,555,7
No,2,556,6
No,3,557,9
No,5,558,7
No,3,559,7
No,3,560,9
No,5,561,8
No,4,562,8
No,4,563,5
No,5,564,8
No,2,565,5
No,5,566,6
No,4,567,7
No,4,568,7
No,4,569,8
No,2,570,8
No,1,571,8
No,3,572,5
No,2,573,10
No,2,574,7
No,3,575,9
No,0,576,4
No,2,577,7
No,2,578,5
No,2,579,6
No,2,580,7
No,3,581,6
No,4,582,9
No,5,583,10
No,2,584,6
No,4,585,6
No,3,586,5
No,1,587,9
No,2,588,7
No,4,589,7
No,3,590,7
No,1,591,7
No,3,592,6
No,2,593,7
No,2,594,7
No,3,595,8
No,3,596,5
No,4,597,7
No,3,598,6
No,4,599,7
No,3,600,8
No,3,601,6
No,3,602,9
No,2,603,4
No,4,604,9
No,2,605,9
No,5,606,6
No,4,607,6
No,4,608,5
No,2,609,8
No,4,610,7
No,5,611,6
No,4,612,5
No,5,613,10
No,4,614,6
No,4,615,7
No,4,616,7
No,2,617,6
No,4,618,6
No,2,619,6
No,2,620,8
No,3,621,6
No,3,622,9
No,2,623,6
No,4,624,8
No,2,625,4
No,3,626,6
No,3,627,6
No,3,628,5
No,3,629,7
No,4,630,7
No,3,631,4
No,4,632,10
No,3,633,7
No,5,634,7
No,1,635,9
No,0,636,8
No,3,637,7
No,2,638,4
No,3,639,8
No,3,640,6
No,1,641,9
No,3,642,6
No,4,643,6
No,2,644,5
No,4,645,5
No,1,646,7
No,3,647,7
No,4,648,6
No,4,649,10
No,4,650,8
No,3,651,7
No,0,652,4
No,2,653,8
No,4,654,10
No,4,655,7
No,4,656,6
No,5,657,7
No,5,658,5
No,3,659,8
No,3,660,9
No,3,661,6
No,2,662,6
No,2,663,7
No,2,664,6
No,3,665,5
No,4,666,6
No,3,667,6
No,3,668,9
No,3,669,9
No,2,670,9
No,3,671,8
No,2,672,7
No,3,673,6
No,3,674,9
No,2,675,8
No,3,676,5
No,5,677,6
No,3,678,5
No,1,679,4
No,4,680,8
No,4,681,5
No,5,682,6
No,1,683,7
No,4,684,7
No,3,685,6
No,4,686,9
No,2,687,5
No,5,688,5
No,2,689,8
No,2,690,6
No,3,691,6
No,4,692,5
No,3,693,8
No,4,694,7
No,3,695,7
No,3,696,6
No,2,697,6
No,3,698,7
No,5,699,8
No,4,700,9
No,6,701,9
No,4,702,8
No,3,703,8
No,2,704,5
No,4,705,6
No,2,706,8
No,2,707,7
No,3,708,8
No,2,709,8
No,4,710,8
No,2,711,5
No,4,712,7
No,3,713,6
No,3,714,6
No,3,715,4
No,3,716,7
No,4,717,4
No,3,718,8
No,2,719,9
No,2,720,8
No,2,721,7
No,4,722,9
No,5,723,7
No,4,724,6
No,3,725,7
No,4,726,10
No,3,727,5
No,4,728,5
No,2,729,8
No,3,730,7
No,3,731,6
No,5,732,5
No,5,733,4
No,4,734,5
No,3,735,9
No,2,736,7
No,3,737,4
No,6,738,9
No,2,739,9
No,3,740,9
No,4,741,6
No,5,742,7
No,4,743,7
No,3,744,9
No,2,745,6
No,4,746,6
No,2,747,8
No,0,748,9
No,5,749,7
No,4,750,8
No,1,751,7
No,4,752,7
No,3,753,6
No,2,754,5
No,3,755,6
No,2,756,6
No,2,757,7
No,2,758,9
No,3,759,7
No,4,760,6
No,2,761,8
No,3,762,7
No,3,763,8
No,2,764,6
No,3,765,9
No,4,766,9
No,4,767,7
No,3,768,8
No,2,769,9
No,3,770,6
No,3,771,7
No,2,772,7
No,1,773,5
No,4,774,8
No,3,775,9
No,2,776,7
No,5,777,8
No,3,778,9
No,1,779,6
No,4,780,8
No,4,781,6
No,3,782,6
No,5,783,8
No,3,784,7
No,4,785,8
No,1,786,7
No,3,787,8
No,4,788,9
No,1,789,9
No,5,790,8
No,4,791,8
No,4,792,7
No,3,793,7
No,2,794,8
No,3,795,7
No,3,796,8
No,1,797,9
No,3,798,7
No,3,799,4
No,4,800,10
No,2,801,6
No,3,802,7
No,2,803,8
No,5,804,9
No,2,805,10
No,2,806,6
No,4,807,9
No,2,808,7
No,2,809,10
No,3,810,9
No,3,811,7
No,4,812,6
No,3,813,4
No,3,814,8
No,3,815,9
No,4,816,8
No,2,817,4
No,2,818,5
No,4,819,8
No,3,820,10
No,2,821,7
No,2,822,9
No,2,823,5
No,3,824,7
No,5,825,7
No,4,826,9
No,2,827,6
No,1,828,10
No,2,829,7
No,3,830,5
No,4,831,5
No,4,832,6
No,3,833,8
No,3,834,6
No,2,835,6
No,3,836,8
No,3,837,4
No,2,838,6
No,2,839,5
No,3,840,6
No,4,841,7
No,3,842,7
No,5,843,7
No,3,844,9
No,2,845,7
No,5,846,10
No,4,847,8
No,5,848,6
No,3,849,10
No,3,850,7
No,3,851,10
No,4,852,7
No,4,853,7
No,4,854,8
No,3,855,7
No,4,856,9
No,2,857,10
No,2,858,4
No,3,859,8
No,1,860,6
No,3,861,4
No,4,862,8
No,3,863,8
No,4,864,8
No,3,865,8
No,2,866,8
No,2,867,6
No,3,868,7
No,5,869,8
No,5,870,9
No,1,871,7
No,3,872,7
No,2,873,7
No,2,874,5
No,3,875,8
No,2,876,5
No,4,877,8
No,5,878,7
No,5,879,5
No,2,880,5
No,3,881,6
No,5,882,6
No,3,883,9
No,4,884,7
No,4,885,8
No,4,886,9
No,3,887,9
No,2,888,7
No,1,889,6
No,2,890,8
No,3,891,6
No,1,892,10
No,4,893,8
No,3,894,7
No,3,895,8
No,3,896,7
No,4,897,6
No,2,898,8
No,2,899,7
No,3,900,10
No,4,901,6
No,2,902,8
No,3,903,6
No,2,904,6
No,1,905,4
No,2,906,8
No,2,907,6
No,3,908,9
No,4,909,8
No,1,910,7
No,3,911,5
No,3,912,8
No,5,913,6
No,3,914,5
No,4,915,8
No,2,916,5
No,3,917,4
No,1,918,9
No,3,919,6
No,3,920,4
No,1,921,6
No,4,922,6
No,4,923,9
No,4,924,5
No,3,925,5
No,2,926,8
No,4,927,6
No,2,928,7
No,1,929,6
No,3,930,10
No,3,931,5
No,3,932,7
No,2,933,9
No,5,934,6
No,3,935,6
No,4,936,8
No,4,937,9
No,3,938,6
No,3,939,9
No,3,940,7
No,3,941,8
No,4,942,9
No,2,943,8
No,2,944,7
No,5,945,6
No,3,946,10
No,6,947,6
No,4,948,7
No,4,949,8
No,2,950,8
No,3,951,10
No,1,952,7
No,3,953,7
No,2,954,9
No,3,955,7
No,2,956,8
No,2,957,7
No,0,958,8
No,3,959,8
No,3,960,6
No,1,961,4
No,2,962,4
No,3,963,4
No,3,964,7
No,2,965,4
No,3,966,7
No,4,967,7
No,2,968,8
No,2,969,8
No,2,970,8
No,3,971,8
No,3,972,7
No,3,973,7
No,3,974,6
No,1,975,7
No,4,976,5
No,3,977,9
No,2,978,6
No,3,979,7
No,3,980,7
No,3,981,9
No,2,982,4
No,4,983,7
No,2,984,8
No,2,985,10
No,3,986,7
No,3,987,6
No,2,988,10
No,3,989,8
No,4,990,9
No,4,991,5
No,1,992,8
No,4,993,5
No,3,994,5
No,3,995,8
No,2,996,8
No,2,997,6
No,3,998,9
No,2,999,6
No,2,1000,7
No,2,1001,7
No,3,1002,7
No,3,1003,9
No,2,1004,5
No,2,1005,6
No,4,1006,5
No,2,1007,10
No,4,1008,7
No,2,1009,6
No,4,1010,7
No,2,1011,8
No,4,1012,8
No,4,1013,6
No,3,1014,6
No,3,1015,5
No,4,1016,7
No,3,1017,9
No,2,1018,6
No,2,1019,8
No,3,1020,6
No,3,1021,5
No,3,1022,8
No,3,1023,10
No,2,1024,8
No,3,1025,6
No,4,1026,6
No,3,1027,10
No,2,1028,7
No,2,1029,6
No,4,1030,7
No,2,1031,7
No,5,1032,8
No,3,1033,9
No,4,1034,9
No,3,1035,7
No,4,1036,7
No,2,1037,8
No,4,1038,6
No,2,1039,8
No,2,1040,7
No,3,1041,8
No,5,1042,10
No,2,1043,8
No,3,1044,7
No,4,1045,6
No,4,1046,7
No,4,1047,5
No,2,1048,8
No,3,1049,4
No,4,1050,8
No,4,1051,8
No,3,1052,7
No,2,1053,6
No,3,1054,7
No,2,1055,4
No,3,1056,8
No,3,1057,7
No,3,1058,9
No,3,1059,8
No,3,1060,7
No,3,1061,8
No,3,1062,6
No,3,1063,6
No,3,1064,7
No,2,1065,7
No,2,1066,6
No,3,1067,7
No,4,1068,7
No,3,1069,10
No,3,1070,7
No,2,1071,6
No,3,1072,7
No,3,1073,9
No,3,1074,9
No,2,1075,10
No,3,1076,7
No,2,1077,8
No,3,1078,5
No,3,1079,6
No,3,1080,5
No,2,1081,8
No,1,1082,7
No,4,1083,7
No,1,1084,6
No,4,1085,8
No,2,1086,4
No,4,1087,7
No,4,1088,7
No,3,1089,4
No,2,1090,8
No,4,1091,7
No,2,1092,8
No,2,1093,10
No,3,1094,7
No,4,1095,8
No,1,1096,9
No,3,1097,8
No,2,1098,6
No,1,1099,5
No,3,1100,8
No,4,1101,6
No,3,1102,9
No,3,1103,6
No,5,1104,7
No,3,1105,5
No,4,1106,6
No,3,1107,6
No,5,1108,6
No,3,1109,7
No,3,1110,6
No,3,1111,10
No,2,1112,8
No,4,1113,9
No,3,1114,7
No,4,1115,7
No,4,1116,6
No,1,1117,10
No,3,1118,7
No,3,1119,6
No,3,1120,6
No,4,1121,8
No,3,1122,9
No,4,1123,9
No,3,1124,6
No,2,1125,6
No,2,1126,9
No,3,1127,10
No,3,1128,7
No,3,1129,9
No,1,1130,5
No,2,1131,6
No,5,1132,5
No,3,1133,8
No,4,1134,7
No,2,1135,7
No,4,1136,9
No,3,1137,6
No,3,1138,7
No,2,1139,5
No,3,1140,9
No,4,1141,9
No,2,1142,8
No,2,1143,7
No,3,1144,6
No,5,1145,5
No,3,1146,7
No,2,1147,8
No,4,1148,10
No,3,1149,6
No,2,1150,7
No,4,1151,9
No,4,1152,9
No,2,1153,6
No,5,1154,7
No,3,1155,6
No,2,1156,6
No,5,1157,9
No,4,1158,7
No,3,1159,7
No,4,1160,7
No,2,1161,7
No,3,1162,7
No,3,1163,6
No,2,1164,9
No,2,1165,6
No,5,1166,6
No,1,1167,7
No,4,1168,10
No,4,1169,6
No,2,1170,8
No,3,1171,7
No,3,1172,7
No,4,1173,8
No,2,1174,4
No,3,1175,6
No,3,1176,8
No,2,1177,7
No,2,1178,7
No,3,1179,8
No,2,1180,6
No,2,1181,9
No,3,1182,8
No,2,1183,7
No,2,1184,8
No,5,1185,9
No,4,1186,6
No,4,1187,8
No,2,1188,10
No,3,1189,8
No,4,1190,7
No,3,1191,10
No,4,1192,7
No,2,1193,9
No,2,1194,6
No,2,1195,9
No,3,1196,6
No,4,1197,7
No,4,1198,6
No,2,1199,10
No,3,1200,7
No,4,1201,5
No,4,1202,7
No,4,1203,8
No,1,1204,7
No,4,1205,6
No,2,1206,9
No,3,1207,9
No,3,1208,5
No,2,1209,6
No,2,1210,7
No,4,1211,6
No,3,1212,8
No,2,1213,10
No,1,1214,6
No,1,1215,9
No,2,1216,5
No,5,1217,8
No,4,1218,6
No,4,1219,8
No,3,1220,4
No,1,1221,5
No,4,1222,8
No,3,1223,6
No,3,1224,7
No,3,1225,10
No,6,1226,7
No,3,1227,8
No,1,1228,6
No,3,1229,5
No,2,1230,7
No,3,1231,5
No,4,1232,6
No,3,1233,7
No,2,1234,7
No,4,1235,8
No,4,1236,8
No,3,1237,5
No,4,1238,6
No,2,1239,4
No,4,1240,6
No,4,1241,8
No,4,1242,9
No,4,1243,7
No,4,1244,9
No,1,1245,8
No,2,1246,7
No,4,1247,6
No,2,1248,4
No,3,1249,9
No,3,1250,7
No,4,1251,9
No,3,1252,6
No,2,1253,10
No,3,1254,7
No,2,1255,6
No,4,1256,7
No,3,1257,7
No,4,1258,7
No,3,1259,6
No,3,1260,4
No,2,1261,6
No,0,1262,9
No,2,1263,6
No,2,1264,4
No,2,1265,5
No,3,1266,7
No,3,1267,6
No,3,1268,7
No,2,1269,6
No,4,1270,9
No,3,1271,8
No,1,1272,10
No,2,1273,6
No,2,1274,7
No,4,1275,9
No,2,1276,8
No,1,1277,6
No,4,1278,8
No,3,1279,8
No,3,1280,4
No,4,1281,6
No,2,1282,7
No,4,1283,9
No,4,1284,8
No,5,1285,6
No,4,1286,6
No,2,1287,8
No,3,1288,4
No,3,1289,6
No,4,1290,9
No,3,1291,7
No,2,1292,6
No,4,1293,5
No,3,1294,8
No,3,1295,7
No,4,1296,7
No,3,1297,8
No,3,1298,7
No,4,1299,7
No,3,1300,5
No,4,1301,5
No,4,1302,8
No,3,1303,8
No,3,1304,8
No,4,1305,6
No,3,1306,8
No,4,1307,6
No,2,1308,9
No,4,1309,6
No,4,1310,6
No,3,1311,7
No,4,1312,8
No,4,1313,7
No,2,1314,7
No,3,1315,6
No,4,1316,7
No,4,1317,7
No,3,1318,6
No,4,1319,7
No,3,1320,7
No,2,1321,10
No,1,1322,6
No,2,1323,6
No,1,1324,7
No,2,1325,6
No,0,1326,5
No,2,1327,5
No,2,1328,6
No,3,1329,6
No,3,1330,5
No,1,1331,7
No,4,1332,4
No,4,1333,8
No,3,1334,6
No,4,1335,6
No,3,1336,8
No,2,1337,8
No,2,1338,6
No,2,1339,8
No,2,1340,9
No,4,1341,5
No,4,1342,8
No,2,1343,5
No,3,1344,9
No,3,1345,6
No,6,1346,6
No,1,1347,9
No,5,1348,8
No,3,1349,6
No,2,1350,7
No,2,1351,6
No,2,1352,5
No,4,1353,7
No,4,1354,6
No,3,1355,6
No,3,1356,9
No,3,1357,6
No,1,1358,7
No,2,1359,9
No,5,1360,7
No,4,1361,6
No,3,1362,7
No,2,1363,8
No,3,1364,8
No,3,1365,10
No,3,1366,6
No,4,1367,7
No,3,1368,5
No,3,1369,8
No,2,1370,7
No,3,1371,7
No,2,1372,6
No,3,1373,6
No,4,1374,7
No,2,1375,6
No,3,1376,7
No,5,1377,7
No,4,1378,5
No,4,1379,5
No,3,1380,6
No,3,1381,9
No,2,1382,6
No,2,1383,7
No,2,1384,5
No,3,1385,6
No,3,1386,5
No,3,1387,8
No,3,1388,5
No,1,1389,8
No,2,1390,8
No,3,1391,7
No,1,1392,8
No,3,1393,10
No,3,1394,8
No,4,1395,5
No,3,1396,9
No,2,1397,7
No,2,1398,10
No,4,1399,6
No,4,1400,9
No,3,1401,7
No,3,1402,10
No,5,1403,7
No,3,1404,10
No,2,1405,8
No,4,1406,8
No,3,1407,10
No,2,1408,6
No,5,1409,8
No,4,1410,7
No,3,1411,7
No,3,1412,7
No,2,1413,8
No,3,1414,8
No,3,1415,6
No,2,1416,7
No,2,1417,4
No,2,1418,8
No,3,1419,10
No,3,1420,7
No,3,1421,5
No,2,1422,8
No,2,1423,6
No,4,1424,7
No,3,1425,8
No,4,1426,8
No,4,1427,9
No,3,1428,7
No,2,1429,7
No,2,1430,8
No,2,1431,7
No,2,1432,6
No,3,1433,8
No,4,1434,5
No,2,1435,7
No,3,1436,5
No,3,1437,6
No,3,1438,6
No,3,1439,6
No,4,1440,9
No,3,1441,9
No,6,1442,9
No,1,1443,7
No,3,1444,6
No,1,1445,8
No,4,1446,7
No,4,1447,7
No,3,1448,4
No,5,1449,8
No,2,1450,8
No,3,1451,7
No,3,1452,8
No,3,1453,8
No,3,1454,6
No,4,1455,7
No,2,1456,5
No,4,1457,9
No,3,1458,8
No,4,1459,6
No,4,1460,8
No,2,1461,7
No,3,1462,6
No,2,1463,7
No,2,1464,8
No,4,1465,8
No,4,1466,10
No,4,1467,7
No,3,1468,7
No,1,1469,8
No,3,1470,7
No,4,1471,6
No,4,1472,6
No,2,1473,4
No,5,1474,8
No,2,1475,5
No,3,1476,6
No,2,1477,7
No,5,1478,7
No,3,1479,10
No,2,1480,5
No,4,1481,10
No,2,1482,9
No,3,1483,8
No,4,1484,9
No,3,1485,8
No,3,1486,4
No,2,1487,8
No,5,1488,5
No,2,1489,6
No,2,1490,7
No,3,1491,6
No,1,1492,8
No,3,1493,7
No,4,1494,8
No,5,1495,7
No,4,1496,7
No,2,1497,6
No,2,1498,5
No,6,1499,7
No,4,1500,6
No,5,1501,9
No,3,1502,5
No,4,1503,10
No,3,1504,7
No,2,1505,7
No,2,1506,6
No,3,1507,8
No,3,1508,7
No,3,1509,7
No,2,1510,8
No,3,1511,8
No,0,1512,9
No,3,1513,8
No,2,1514,6
No,3,1515,4
No,4,1516,7
No,3,1517,7
No,3,1518,10
No,3,1519,7
No,4,1520,8
No,4,1521,8
No,5,1522,8
No,2,1523,8
No,3,1524,6
No,4,1525,6
No,4,1526,7
No,3,1527,4
No,4,1528,7
No,3,1529,6
No,2,1530,7
No,3,1531,7
No,2,1532,5
No,3,1533,9
No,3,1534,7
No,1,1535,8
No,4,1536,7
No,3,1537,8
No,3,1538,5
No,4,1539,9
No,4,1540,8
No,4,1541,7
No,2,1542,7
No,2,1543,9
No,2,1544,6
No,6,1545,5
No,2,1546,6
No,4,1547,7
No,2,1548,7
No,2,1549,9
No,1,1550,6
No,2,1551,6
No,3,1552,5
No,3,1553,8
No,3,1554,5
No,3,1555,8
No,4,1556,6
No,3,1557,6
No,1,1558,10
No,3,1559,9
No,2,1560,7
No,4,1561,5
No,4,1562,10
No,2,1563,7
No,4,1564,7
No,3,1565,8
No,2,1566,4
No,5,1567,6
No,3,1568,7
No,4,1569,7
No,4,1570,5
No,4,1571,7
No,3,1572,7
No,3,1573,10
No,1,1574,9
No,2,1575,7
No,4,1576,7
No,3,1577,9
No,4,1578,7
No,2,1579,5
No,3,1580,10
No,3,1581,6
No,3,1582,10
No,5,1583,8
No,2,1584,6
No,3,1585,4
No,3,1586,8
No,2,1587,5
No,2,1588,8
No,3,1589,10
No,4,1590,5
No,4,1591,8
No,4,1592,6
No,2,1593,9
No,2,1594,7
No,3,1595,7
No,4,1596,9
No,4,1597,8
No,2,1598,6
No,4,1599,10
No,6,1600,5
No,4,1601,7
No,2,1602,6
No,4,1603,5
No,3,1604,5
No,2,1605,7
No,3,1606,8
No,4,1607,9
No,2,1608,9
No,3,1609,7
No,2,1610,6
No,2,1611,9
No,2,1612,6
No,2,1613,5
No,3,1614,8
No,2,1615,9
No,5,1616,6
No,2,1617,10
No,3,1618,8
No,4,1619,8
No,3,1620,6
No,3,1621,9
No,5,1622,5
No,3,1623,6
No,2,1624,6
No,4,1625,5
No,5,1626,8
No,2,1627,8
No,4,1628,8
No,4,1629,7
No,3,1630,8
No,3,1631,7
No,1,1632,6
No,2,1633,6
No,3,1634,4
No,3,1635,9
No,3,1636,9
No,4,1637,10
No,4,1638,6
No,3,1639,6
No,2,1640,4
No,3,1641,8
No,2,1642,8
No,3,1643,9
No,4,1644,6
No,2,1645,8
No,3,1646,6
No,4,1647,9
No,2,1648,8
No,3,1649,5
No,5,1650,7
No,3,1651,4
No,4,1652,5
No,4,1653,5
No,4,1654,6
No,4,1655,7
No,3,1656,7
No,5,1657,7
No,3,1658,7
No,3,1659,7
No,3,1660,5
No,4,1661,7
No,3,1662,9
No,3,1663,7
No,3,1664,8
No,1,1665,8
No,3,1666,8
No,4,1667,7
No,4,1668,8
No,3,1669,8
No,4,1670,8
No,2,1671,8
No,3,1672,5
No,2,1673,5
No,2,1674,6
No,5,1675,9
No,4,1676,7
No,3,1677,7
No,3,1678,4
No,0,1679,7
No,4,1680,7
No,3,1681,4
No,3,1682,7
No,4,1683,5
No,4,1684,6
No,4,1685,8
No,1,1686,7
No,3,1687,6
No,3,1688,6
No,2,1689,6
No,4,1690,7
No,3,1691,5
No,4,1692,9
No,3,1693,5
No,3,1694,4
No,2,1695,8
No,3,1696,6
No,3,1697,7
No,1,1698,8
No,2,1699,6
No,2,1700,7
No,3,1701,8
No,2,1702,9
No,3,1703,6
No,3,1704,6
No,3,1705,8
No,2,1706,7
No,2,1707,7
No,4,1708,9
No,4,1709,4
No,3,1710,5
No,2,1711,4
No,2,1712,9
No,3,1713,8
No,4,1714,5
No,2,1715,7
No,4,1716,7
No,3,1717,4
No,2,1718,7
No,2,1719,5
No,3,1720,8
No,3,1721,5
No,3,1722,7
No,4,1723,9
No,3,1724,8
No,2,1725,8
No,3,1726,7
No,4,1727,5
No,3,1728,6
No,3,1729,7
No,2,1730,7
No,4,1731,5
No,3,1732,8
No,2,1733,5
No,3,1734,9
No,4,1735,7
No,5,1736,8
No,1,1737,8
No,3,1738,10
No,3,1739,7
No,1,1740,6
No,3,1741,6
No,3,1742,9
No,2,1743,5
No,3,1744,6
No,4,1745,7
No,0,1746,7
No,4,1747,8
No,3,1748,5
No,1,1749,7
No,3,1750,7
No,4,1751,5
No,3,1752,8
No,3,1753,7
No,4,1754,7
No,4,1755,6
No,5,1756,6
No,4,1757,5
No,2,1758,8
No,4,1759,9
No,5,1760,10
No,2,1761,8
No,3,1762,6
No,2,1763,6
No,4,1764,8
No,2,1765,7
No,2,1766,7
No,3,1767,7
No,3,1768,9
No,3,1769,6
No,3,1770,9
No,4,1771,7
No,4,1772,6
No,3,1773,6
No,5,1774,7
No,1,1775,8
No,3,1776,6
No,1,1777,8
No,3,1778,6
No,3,1779,7
No,2,1780,5
No,2,1781,8
No,1,1782,7
No,4,1783,9
No,1,1784,8
No,5,1785,7
No,2,1786,9
No,3,1787,8
No,4,1788,9
No,3,1789,6
No,3,1790,8
No,4,1791,8
No,2,1792,5
No,3,1793,9
No,3,1794,5
No,3,1795,5
No,1,1796,4
No,2,1797,8
No,5,1798,5
No,3,1799,6
No,3,1800,8
No,4,1801,7
No,4,1802,6
No,2,1803,5
No,3,1804,7
No,3,1805,8
No,3,1806,8
No,2,1807,10
No,4,1808,6
No,3,1809,5
No,3,1810,7
No,4,1811,7
No,2,1812,7
No,4,1813,6
No,5,1814,4
No,4,1815,5
No,5,1816,8
No,3,1817,7
No,4,1818,8
No,2,1819,8
No,4,1820,8
No,4,1821,8
No,2,1822,7
No,2,1823,7
No,3,1824,4
No,5,1825,6
No,3,1826,6
No,2,1827,7
No,2,1828,6
No,2,1829,8
No,3,1830,6
No,3,1831,9
No,2,1832,6
No,3,1833,6
No,3,1834,6
No,3,1835,6
No,4,1836,9
No,3,1837,7
No,4,1838,7
No,5,1839,6
No,3,1840,7
No,3,1841,7
No,3,1842,7
No,5,1843,7
No,2,1844,9
No,2,1845,7
No,4,1846,5
No,4,1847,7
No,2,1848,6
No,2,1849,8
No,2,1850,7
No,4,1851,9
No,5,1852,6
No,5,1853,7
No,3,1854,5
No,1,1855,7
No,2,1856,5
No,3,1857,7
No,3,1858,7
No,4,1859,7
No,4,1860,8
No,4,1861,7
No,2,1862,5
No,2,1863,6
No,3,1864,7
No,3,1865,7
No,2,1866,7
No,2,1867,9
No,4,1868,7
No,3,1869,8
No,4,1870,4
No,3,1871,8
No,2,1872,10
No,2,1873,9
No,2,1874,6
No,3,1875,10
No,2,1876,7
No,4,1877,7
No,1,1878,7
No,1,1879,7
No,3,1880,4
No,2,1881,8
No,3,1882,7
No,4,1883,7
No,2,1884,7
No,4,1885,6
No,3,1886,7
No,2,1887,9
No,3,1888,8
No,4,1889,7
No,4,1890,7
No,2,1891,7
No,3,1892,6
No,3,1893,7
No,4,1894,8
No,2,1895,7
No,3,1896,6
No,1,1897,7
No,4,1898,8
No,3,1899,5
No,2,1900,6
No,4,1901,5
No,2,1902,7
No,4,1903,8
No,4,1904,9
No,3,1905,9
No,3,1906,6
No,3,1907,7
No,3,1908,6
No,3,1909,9
No,2,1910,9
No,2,1911,7
No,4,1912,6
No,4,1913,4
No,3,1914,5
No,2,1915,4
No,1,1916,5
No,2,1917,10
No,3,1918,5
No,4,1919,5
No,2,1920,6
No,3,1921,10
No,2,1922,7
No,4,1923,8
No,4,1924,7
No,3,1925,4
No,4,1926,9
No,4,1927,8
No,2,1928,7
No,4,1929,10
No,3,1930,6
No,2,1931,7
No,2,1932,6
No,3,1933,9
No,5,1934,8
No,2,1935,7
No,3,1936,5
No,3,1937,6
No,2,1938,5
No,2,1939,9
No,4,1940,5
No,2,1941,9
No,4,1942,9
No,1,1943,6
No,4,1944,6
No,2,1945,6
No,3,1946,8
No,3,1947,9
No,4,1948,9
No,3,1949,6
No,4,1950,9
No,3,1951,9
No,3,1952,7
No,5,1953,7
No,3,1954,9
No,3,1955,9
No,3,1956,9
No,1,1957,10
No,2,1958,8
No,2,1959,7
No,2,1960,9
No,2,1961,10
No,4,1962,6
No,5,1963,7
No,3,1964,5
No,2,1965,8
No,3,1966,8
No,4,1967,6
No,2,1968,9
No,3,1969,6
No,2,1970,6
No,4,1971,9
No,4,1972,6
No,4,1973,5
No,2,1974,8
No,2,1975,7
No,4,1976,9
No,3,1977,8
No,4,1978,4
No,3,1979,9
No,2,1980,10
No,2,1981,9
No,3,1982,9
No,3,1983,7
No,4,1984,6
No,3,1985,7
No,2,1986,8
No,4,1987,8
No,3,1988,6
No,1,1989,6
No,3,1990,5
No,2,1991,8
No,1,1992,6
No,3,1993,7
No,2,1994,10
No,4,1995,8
No,3,1996,7
No,3,1997,8
No,5,1998,9
No,3,1999,5
No,3,2000,6
No,3,2001,7
No,3,2002,6
No,5,2003,7
No,2,2004,5
No,3,2005,8
No,3,2006,6
No,4,2007,7
No,3,2008,7
No,3,2009,8
No,3,2010,4
No,3,2011,8
No,2,2012,7
No,4,2013,8
No,2,2014,5
No,4,2015,8
No,4,2016,9
No,1,2017,7
No,3,2018,6
No,3,2019,6
No,3,2020,8
No,3,2021,8
No,3,2022,8
No,1,2023,7
No,1,2024,7
No,4,2025,7
No,3,2026,6
No,3,2027,8
No,2,2028,7
No,3,2029,9
No,2,2030,9
No,3,2031,7
No,3,2032,8
No,3,2033,6
No,3,2034,7
No,3,2035,8
No,4,2036,5
No,4,2037,8
No,3,2038,6
No,2,2039,6
No,3,2040,6
No,2,2041,7
No,4,2042,5
No,1,2043,8
No,3,2044,7
No,4,2045,10
No,3,2046,7
No,5,2047,8
No,1,2048,6
No,2,2049,5
No,2,2050,8
No,3,2051,5
No,4,2052,8
No,2,2053,10
No,2,2054,8
No,2,2055,8
No,3,2056,7
No,2,2057,6
No,3,2058,7
No,2,2059,6
No,4,2060,5
No,3,2061,7
No,3,2062,9
No,2,2063,5
No,4,2064,9
No,3,2065,9
No,5,2066,8
No,3,2067,8
No,3,2068,7
No,2,2069,7
No,2,2070,6
No,4,2071,7
No,3,2072,7
No,4,2073,10
No,2,2074,8
No,2,2075,7
No,2,2076,7
No,1,2077,6
No,3,2078,6
No,4,2079,8
No,4,2080,6
No,1,2081,6
No,1,2082,6
No,2,2083,6
No,1,2084,9
No,4,2085,7
No,3,2086,7
No,3,2087,7
No,4,2088,7
No,3,2089,6
No,2,2090,5
No,2,2091,9
No,2,2092,8
No,3,2093,8
No,4,2094,8
No,5,2095,10
No,2,2096,6
No,4,2097,5
No,2,2098,8
No,3,2099,5
No,2,2100,7
No,3,2101,7
No,4,2102,8
No,4,2103,6
No,1,2104,9
No,2,2105,6
No,2,2106,8
No,4,2107,6
No,5,2108,8
No,4,2109,5
No,2,2110,7
No,4,2111,9
No,3,2112,7
No,3,2113,9
No,1,2114,7
No,4,2115,6
No,3,2116,7
No,3,2117,8
No,4,2118,4
No,3,2119,8
No,4,2120,6
No,3,2121,5
No,2,2122,8
No,2,2123,9
No,4,2124,7
No,1,2125,5
No,2,2126,6
No,2,2127,6
No,2,2128,7
No,3,2129,7
No,3,2130,8
No,2,2131,8
No,2,2132,8
No,4,2133,8
No,3,2134,7
No,4,2135,10
No,2,2136,8
No,3,2137,8
No,4,2138,10
No,3,2139,7
No,2,2140,6
No,3,2141,9
No,3,2142,9
No,3,2143,7
No,4,2144,10
No,2,2145,7
No,3,2146,8
No,3,2147,9
No,4,2148,7
No,3,2149,8
No,2,2150,9
No,2,2151,6
No,2,2152,6
No,2,2153,9
No,3,2154,7
No,1,2155,6
No,3,2156,7
No,2,2157,8
No,4,2158,5
No,3,2159,8
No,3,2160,8
No,2,2161,9
No,2,2162,7
No,3,2163,9
No,3,2164,7
No,3,2165,7
No,2,2166,7
No,2,2167,10
No,3,2168,5
No,3,2169,8
No,2,2170,7
No,3,2171,7
No,5,2172,8
No,3,2173,9
No,3,2174,8
No,3,2175,9
No,3,2176,7
No,5,2177,7
No,2,2178,5
No,3,2179,10
No,3,2180,7
No,2,2181,7
No,3,2182,8
No,1,2183,9
No,4,2184,6
No,3,2185,9
No,3,2186,7
No,3,2187,9
No,1,2188,6
No,4,2189,8
No,3,2190,7
No,3,2191,5
No,4,2192,5
No,5,2193,6
No,5,2194,8
No,5,2195,4
No,2,2196,8
No,3,2197,7
No,3,2198,4
No,3,2199,6
No,4,2200,6
No,2,2201,7
No,2,2202,9
No,3,2203,9
No,3,2204,6
No,3,2205,6
No,3,2206,5
No,4,2207,6
No,4,2208,6
No,4,2209,7
No,3,2210,7
No,3,2211,6
No,3,2212,6
No,4,2213,6
No,2,2214,6
No,4,2215,9
No,3,2216,8
No,6,2217,8
No,2,2218,9
No,2,2219,8
No,5,2220,9
No,2,2221,8
No,3,2222,7
No,1,2223,6
No,3,2224,6
No,3,2225,8
No,3,2226,7
No,3,2227,5
No,3,2228,4
No,4,2229,10
No,4,2230,6
No,3,2231,6
No,4,2232,9
No,4,2233,5
No,4,2234,8
No,5,2235,10
No,3,2236,10
No,4,2237,6
No,4,2238,7
No,2,2239,6
No,3,2240,7
No,3,2241,9
No,4,2242,5
No,2,2243,8
No,1,2244,7
No,3,2245,9
No,3,2246,9
No,4,2247,6
No,3,2248,7
No,3,2249,8
No,2,2250,8
No,2,2251,4
No,3,2252,8
No,3,2253,9
No,3,2254,7
No,3,2255,8
No,3,2256,9
No,4,2257,7
No,3,2258,8
No,4,2259,7
No,3,2260,7
No,2,2261,6
No,3,2262,7
No,3,2263,10
No,2,2264,6
No,3,2265,8
No,4,2266,7
No,3,2267,9
No,2,2268,9
No,3,2269,6
No,3,2270,6
No,3,2271,6
No,3,2272,6
No,2,2273,6
No,3,2274,8
No,2,2275,6
No,5,2276,6
No,3,2277,6
No,3,2278,8
No,1,2279,7
No,1,2280,7
No,4,2281,6
No,3,2282,5
No,2,2283,9
No,2,2284,7
No,3,2285,10
No,3,2286,8
No,3,2287,10
No,3,2288,8
No,2,2289,7
No,3,2290,6
No,4,2291,6
No,3,2292,9
No,3,2293,7
No,3,2294,8
No,1,2295,8
No,4,2296,8
No,2,2297,6
No,3,2298,9
No,3,2299,7
No,5,2300,7
No,4,2301,8
No,3,2302,7
No,4,2303,4
No,4,2304,9
No,3,2305,9
No,4,2306,4
No,4,2307,5
No,5,2308,10
No,3,2309,7
No,3,2310,7
No,5,2311,6
No,2,2312,5
No,3,2313,7
No,3,2314,8
No,3,2315,7
No,4,2316,8
No,4,2317,10
No,2,2318,6
No,3,2319,7
No,4,2320,9
No,4,2321,6
No,6,2322,7
No,4,2323,10
No,2,2324,6
No,3,2325,9
No,3,2326,7
No,3,2327,10
No,3,2328,5
No,4,2329,7
No,2,2330,5
No,3,2331,6
No,1,2332,6
No,1,2333,7
No,4,2334,5
No,4,2335,7
No,3,2336,8
No,4,2337,5
No,3,2338,6
No,1,2339,10
No,4,2340,7
No,1,2341,4
No,5,2342,5
No,4,2343,7
No,5,2344,7
No,4,2345,6
No,4,2346,10
No,4,2347,10
No,3,2348,7
No,2,2349,8
No,4,2350,8
No,4,2351,9
No,5,2352,6
No,2,2353,10
No,0,2354,7
No,4,2355,8
No,4,2356,7
No,2,2357,7
No,3,2358,7
No,3,2359,5
No,3,2360,4
No,2,2361,7
No,4,2362,6
No,3,2363,8
No,3,2364,8
No,4,2365,7
No,5,2366,9
No,3,2367,7
No,4,2368,5
No,4,2369,7
No,2,2370,9
No,3,2371,4
No,4,2372,7
No,3,2373,8
No,4,2374,10
No,3,2375,9
No,2,2376,7
No,2,2377,8
No,3,2378,4
No,4,2379,5
No,3,2380,8
No,4,2381,7
No,2,2382,7
No,3,2383,7
No,2,2384,7
No,2,2385,7
No,4,2386,5
No,4,2387,7
No,3,2388,5
No,2,2389,6
No,2,2390,9
No,3,2391,7
No,4,2392,8
No,2,2393,7
No,4,2394,6
No,5,2395,5
No,3,2396,6
No,3,2397,7
No,4,2398,8
No,2,2399,7
No,1,2400,8
No,3,2401,5
No,2,2402,8
No,2,2403,5
No,3,2404,8
No,1,2405,8
No,4,2406,4
No,3,2407,8
No,4,2408,8
No,1,2409,9
No,3,2410,6
No,2,2411,7
No,4,2412,8
No,4,2413,8
No,4,2414,8
No,3,2415,6
No,3,2416,8
No,3,2417,8
No,3,2418,7
No,4,2419,6
No,2,2420,6
No,3,2421,9
No,3,2422,8
No,3,2423,7
No,3,2424,7
No,3,2425,4
No,3,2426,7
No,4,2427,5
No,2,2428,7
No,2,2429,9
No,2,2430,6
No,2,2431,7
No,3,2432,8
No,3,2433,7
No,3,2434,6
No,3,2435,7
No,1,2436,8
No,3,2437,7
No,2,2438,7
No,3,2439,9
No,5,2440,8
No,2,2441,5
No,3,2442,8
No,4,2443,8
No,3,2444,5
No,3,2445,4
No,4,2446,5
No,4,2447,7
No,5,2448,9
No,1,2449,6
No,4,2450,8
No,2,2451,4
No,4,2452,7
No,2,2453,6
No,5,2454,10
No,2,2455,4
No,2,2456,7
No,1,2457,4
No,2,2458,6
No,4,2459,4
No,5,2460,10
No,2,2461,6
No,3,2462,7
No,1,2463,7
No,0,2464,5
No,2,2465,9
No,5,2466,8
No,1,2467,8
No,3,2468,5
No,2,2469,9
No,2,2470,9
No,3,2471,7
No,3,2472,8
No,1,2473,7
No,3,2474,5
No,3,2475,7
No,2,2476,6
No,2,2477,7
No,2,2478,9
No,4,2479,5
No,3,2480,6
No,3,2481,6
No,3,2482,6
No,4,2483,6
No,4,2484,7
No,4,2485,8
No,3,2486,8
No,3,2487,7
No,1,2488,8
No,4,2489,10
No,5,2490,7
No,3,2491,9
No,4,2492,8
No,3,2493,10
No,4,2494,8
No,3,2495,6
No,2,2496,7
No,3,2497,7
No,2,2498,8
No,2,2499,6
No,3,2500,9
No,2,2501,7
No,3,2502,8
No,4,2503,7
No,3,2504,7
No,3,2505,7
No,4,2506,8
No,2,2507,10
No,3,2508,4
No,0,2509,8
No,4,2510,7
No,4,2511,7
No,1,2512,4
No,2,2513,8
No,2,2514,7
No,3,2515,6
No,2,2516,7
No,3,2517,7
No,5,2518,4
No,3,2519,7
No,4,2520,8
No,3,2521,6
No,2,2522,7
No,3,2523,7
No,1,2524,9
No,3,2525,7
No,3,2526,8
No,5,2527,7
No,4,2528,10
No,3,2529,6
No,2,2530,6
No,3,2531,7
No,0,2532,6
No,3,2533,5
No,3,2534,8
No,3,2535,4
No,2,2536,6
No,5,2537,5
No,3,2538,7
No,4,2539,4
No,3,2540,8
No,3,2541,8
No,4,2542,5
No,4,2543,7
No,2,2544,8
No,4,2545,8
No,2,2546,5
No,4,2547,5
No,4,2548,9
No,3,2549,6
No,3,2550,6
No,2,2551,8
No,3,2552,5
No,4,2553,7
No,4,2554,8
No,2,2555,5
No,3,2556,6
No,1,2557,5
No,4,2558,6
No,3,2559,9
No,3,2560,9
No,1,2561,7
No,3,2562,8
No,5,2563,8
No,3,2564,6
No,3,2565,7
No,3,2566,5
No,2,2567,6
No,3,2568,7
No,5,2569,5
No,3,2570,5
No,3,2571,6
No,3,2572,9
No,3,2573,9
No,2,2574,7
No,3,2575,8
No,4,2576,6
No,3,2577,4
No,3,2578,6
No,1,2579,7
No,3,2580,7
No,5,2581,7
No,4,2582,7
No,4,2583,6
No,2,2584,8
No,5,2585,5
No,2,2586,8
No,3,2587,6
No,2,2588,10
No,5,2589,7
No,4,2590,6
No,4,2591,6
No,0,2592,6
No,3,2593,8
No,2,2594,7
No,3,2595,8
No,1,2596,8
No,2,2597,7
No,2,2598,8
No,1,2599,9
No,3,2600,8
No,4,2601,7
No,3,2602,8
No,2,2603,5
No,3,2604,10
No,3,2605,8
No,4,2606,8
No,4,2607,7
No,3,2608,4
No,3,2609,7
No,4,2610,7
No,2,2611,6
No,3,2612,6
No,2,2613,6
No,2,2614,8
No,4,2615,9
No,4,2616,7
No,3,2617,6
No,2,2618,6
No,3,2619,7
No,4,2620,7
No,3,2621,8
No,3,2622,6
No,4,2623,8
No,3,2624,8
No,4,2625,6
No,4,2626,4
No,3,2627,6
No,3,2628,9
No,3,2629,4
No,3,2630,9
No,3,2631,4
No,4,2632,6
No,2,2633,6
No,3,2634,10
No,1,2635,7
No,3,2636,7
No,4,2637,6
No,2,2638,8
No,1,2639,6
No,2,2640,7
No,1,2641,6
No,2,2642,8
No,2,2643,8
No,3,2644,6
No,3,2645,6
No,4,2646,6
No,5,2647,7
No,3,2648,8
No,3,2649,7
No,3,2650,4
No,3,2651,8
No,2,2652,5
No,5,2653,6
No,4,2654,7
No,4,2655,7
No,4,2656,8
No,4,2657,6
No,3,2658,6
No,4,2659,7
No,3,2660,8
No,3,2661,8
No,2,2662,7
No,3,2663,9
No,4,2664,9
No,3,2665,8
No,2,2666,5
No,4,2667,8
No,3,2668,7
No,3,2669,6
No,4,2670,6
No,2,2671,7
No,4,2672,6
No,2,2673,7
No,1,2674,7
No,3,2675,7
No,5,2676,8
No,3,2677,7
No,4,2678,6
No,2,2679,4
No,2,2680,8
No,3,2681,7
No,2,2682,7
No,4,2683,9
No,2,2684,5
No,3,2685,7
No,3,2686,6
No,1,2687,8
No,2,2688,4
No,3,2689,8
No,3,2690,8
No,4,2691,6
No,3,2692,7
No,3,2693,6
No,4,2694,8
No,2,2695,8
No,1,2696,5
No,4,2697,5
No,2,2698,9
No,1,2699,10
No,4,2700,8
No,2,2701,8
No,3,2702,7
No,3,2703,7
No,5,2704,8
No,2,2705,7
No,4,2706,9
No,3,2707,7
No,5,2708,7
No,3,2709,7
No,2,2710,7
No,3,2711,9
No,5,2712,7
No,3,2713,7
No,3,2714,7
No,4,2715,6
No,3,2716,5
No,3,2717,9
No,3,2718,9
No,4,2719,9
No,3,2720,5
No,4,2721,9
No,3,2722,10
No,3,2723,9
No,2,2724,9
No,1,2725,8
No,3,2726,6
No,3,2727,8
No,4,2728,5
No,3,2729,6
No,3,2730,7
No,2,2731,7
No,4,2732,8
No,4,2733,4
No,1,2734,7
No,3,2735,8
No,2,2736,8
No,4,2737,8
No,3,2738,7
No,3,2739,6
No,3,2740,8
No,4,2741,7
No,2,2742,8
No,4,2743,8
No,3,2744,7
No,3,2745,6
No,2,2746,9
No,2,2747,8
No,4,2748,10
No,2,2749,8
No,4,2750,8
No,2,2751,5
No,3,2752,7
No,3,2753,7
No,5,2754,8
No,2,2755,8
No,3,2756,8
No,2,2757,10
No,4,2758,6
No,4,2759,8
No,2,2760,8
No,0,2761,10
No,2,2762,8
No,1,2763,8
No,2,2764,8
No,2,2765,8
No,3,2766,9
No,2,2767,6
No,3,2768,6
No,3,2769,10
No,3,2770,4
No,3,2771,7
No,3,2772,7
No,3,2773,7
No,3,2774,9
No,1,2775,8
No,1,2776,6
No,3,2777,6
No,3,2778,7
No,4,2779,9
No,4,2780,7
No,3,2781,7
No,3,2782,6
No,4,2783,8
No,3,2784,7
No,3,2785,6
No,1,2786,9
No,3,2787,10
No,5,2788,7
No,3,2789,7
No,4,2790,5
No,3,2791,8
No,3,2792,8
No,3,2793,7
No,5,2794,6
No,5,2795,10
No,3,2796,8
No,2,2797,6
No,4,2798,8
No,4,2799,7
No,3,2800,7
No,3,2801,8
No,1,2802,4
No,2,2803,4
No,2,2804,9
No,4,2805,7
No,2,2806,6
No,3,2807,5
No,0,2808,7
No,5,2809,7
No,4,2810,9
No,2,2811,8
No,3,2812,7
No,2,2813,8
No,3,2814,9
No,2,2815,8
No,4,2816,8
No,4,2817,7
No,4,2818,6
No,5,2819,5
No,4,2820,5
No,2,2821,8
No,2,2822,8
No,3,2823,9
No,2,2824,8
No,3,2825,9
No,2,2826,7
No,5,2827,8
No,3,2828,5
No,3,2829,7
No,4,2830,4
No,4,2831,7
No,4,2832,9
No,3,2833,7
No,3,2834,8
No,3,2835,7
No,3,2836,6
No,4,2837,7
No,1,2838,9
No,4,2839,8
No,3,2840,6
No,2,2841,5
No,3,2842,7
No,2,2843,6
No,3,2844,7
No,3,2845,5
No,3,2846,9
No,2,2847,7
No,3,2848,7
No,3,2849,6
No,3,2850,7
No,3,2851,7
No,4,2852,6
No,2,2853,7
No,4,2854,9
No,2,2855,4
No,2,2856,7
No,3,2857,6
No,2,2858,9
No,3,2859,7
No,2,2860,5
No,3,2861,7
No,4,2862,8
No,4,2863,10
No,0,2864,4
No,2,2865,5
No,3,2866,9
No,2,2867,5
No,4,2868,7
No,1,2869,6
No,4,2870,6
No,4,2871,7
No,3,2872,7
No,3,2873,9
No,3,2874,9
No,3,2875,8
No,2,2876,7
No,3,2877,7
No,4,2878,8
No,2,2879,9
No,4,2880,8
No,4,2881,9
No,3,2882,6
No,3,2883,9
No,2,2884,8
No,2,2885,6
No,3,2886,7
No,2,2887,7
No,1,2888,7
No,3,2889,7
No,1,2890,5
No,3,2891,6
No,4,2892,7
No,3,2893,6
No,2,2894,6
No,2,2895,9
No,2,2896,7
No,4,2897,10
No,2,2898,7
No,2,2899,9
No,3,2900,7
No,5,2901,6
No,3,2902,7
No,3,2903,9
No,2,2904,7
No,2,2905,8
No,4,2906,7
No,4,2907,7
No,1,2908,7
No,3,2909,6
No,1,2910,7
No,4,2911,8
No,3,2912,7
No,2,2913,7
No,1,2914,8
No,4,2915,7
No,2,2916,7
No,2,2917,8
No,1,2918,7
No,3,2919,7
No,3,2920,8
No,1,2921,7
No,4,2922,7
No,3,2923,7
No,2,2924,7
No,3,2925,5
No,5,2926,7
No,3,2927,10
No,1,2928,6
No,2,2929,6
No,3,2930,10
No,3,2931,6
No,3,2932,9
No,4,2933,7
No,4,2934,7
No,3,2935,7
No,6,2936,8
No,2,2937,5
No,2,2938,7
No,3,2939,6
No,4,2940,4
No,3,2941,9
No,2,2942,4
No,3,2943,10
No,2,2944,8
No,3,2945,5
No,2,2946,9
No,3,2947,6
No,6,2948,6
No,1,2949,4
No,3,2950,6
No,3,2951,6
No,2,2952,8
No,3,2953,9
No,2,2954,5
No,4,2955,7
No,4,2956,4
No,3,2957,7
No,4,2958,10
No,4,2959,4
No,3,2960,5
No,4,2961,8
No,2,2962,8
No,2,2963,6
No,1,2964,9
No,3,2965,6
No,4,2966,10
No,3,2967,8
No,2,2968,9
No,4,2969,8
No,4,2970,8
No,3,2971,8
No,3,2972,9
No,2,2973,7
No,2,2974,6
No,3,2975,7
No,5,2976,6
No,4,2977,6
No,1,2978,9
No,4,2979,8
No,3,2980,8
No,3,2981,9
No,2,2982,8
No,2,2983,10
No,5,2984,4
No,4,2985,6
No,2,2986,6
No,2,2987,5
No,2,2988,7
No,4,2989,7
No,3,2990,10
No,2,2991,8
No,3,2992,6
No,3,2993,8
No,3,2994,4
No,2,2995,7
No,3,2996,7
No,3,2997,6
No,3,2998,7
No,2,2999,6
No,4,3000,6
No,3,3001,8
No,4,3002,9
No,4,3003,8
No,2,3004,6
No,3,3005,6
No,3,3006,6
No,4,3007,7
No,2,3008,6
No,4,3009,9
No,2,3010,7
No,2,3011,8
No,2,3012,5
No,2,3013,6
No,2,3014,8
No,4,3015,8
No,5,3016,5
No,5,3017,7
No,3,3018,7
No,4,3019,6
No,4,3020,8
No,2,3021,5
No,3,3022,6
No,4,3023,8
No,3,3024,7
No,3,3025,7
No,2,3026,7
No,4,3027,8
No,3,3028,8
No,3,3029,8
No,3,3030,7
No,1,3031,6
No,4,3032,6
No,3,3033,5
No,3,3034,6
No,4,3035,6
No,2,3036,9
No,3,3037,5
No,3,3038,9
No,4,3039,7
No,3,3040,7
No,5,3041,8
No,1,3042,5
No,3,3043,6
No,3,3044,5
No,4,3045,6
No,3,3046,6
No,4,3047,9
No,2,3048,6
No,3,3049,4
No,5,3050,6
No,2,3051,8
No,2,3052,9
No,4,3053,7
No,5,3054,6
No,3,3055,7
No,3,3056,8
No,2,3057,5
No,2,3058,7
No,3,3059,7
No,4,3060,7
No,1,3061,7
No,4,3062,6
No,5,3063,8
No,4,3064,7
No,2,3065,7
No,2,3066,5
No,3,3067,8
No,4,3068,6
No,3,3069,9
No,3,3070,5
No,3,3071,8
No,4,3072,4
No,1,3073,4
No,3,3074,6
No,3,3075,4
No,2,3076,8
No,4,3077,7
No,3,3078,9
No,4,3079,7
No,3,3080,7
No,2,3081,7
No,4,3082,6
No,5,3083,6
No,2,3084,5
No,3,3085,8
No,2,3086,7
No,3,3087,7
No,3,3088,10
No,3,3089,6
No,2,3090,7
No,3,3091,7
No,4,3092,9
No,2,3093,7
No,3,3094,7
No,4,3095,10
No,4,3096,6
No,3,3097,7
No,1,3098,8
No,3,3099,6
No,5,3100,8
No,1,3101,6
No,2,3102,9
No,3,3103,8
No,2,3104,7
No,2,3105,5
No,2,3106,6
No,2,3107,7
No,2,3108,8
No,4,3109,7
No,6,3110,8
No,4,3111,8
No,3,3112,8
No,4,3113,7
No,3,3114,7
No,4,3115,7
No,3,3116,6
No,1,3117,9
No,4,3118,8
No,3,3119,9
No,3,3120,6
No,2,3121,8
No,4,3122,9
No,2,3123,9
No,2,3124,5
No,4,3125,7
No,2,3126,7
No,4,3127,9
No,5,3128,4
No,4,3129,5
No,2,3130,9
No,3,3131,6
No,3,3132,5
No,2,3133,9
No,3,3134,5
No,1,3135,9
No,3,3136,5
No,3,3137,5
No,3,3138,7
No,4,3139,6
No,2,3140,7
No,3,3141,10
No,3,3142,7
No,6,3143,9
No,0,3144,7
No,2,3145,8
No,4,3146,4
No,1,3147,8
No,4,3148,8
No,3,3149,6
No,3,3150,10
No,1,3151,6
No,3,3152,5
No,3,3153,8
No,1,3154,5
No,3,3155,7
No,3,3156,9
No,3,3157,8
No,4,3158,7
No,3,3159,6
No,3,3160,9
No,3,3161,5
No,0,3162,8
No,3,3163,10
No,1,3164,8
No,2,3165,7
No,3,3166,7
No,2,3167,6
No,4,3168,6
No,2,3169,7
No,3,3170,8
No,3,3171,9
No,4,3172,4
No,4,3173,4
No,4,3174,9
No,1,3175,7
No,4,3176,7
No,4,3177,8
No,5,3178,7
No,3,3179,10
No,3,3180,8
No,4,3181,6
No,5,3182,6
No,3,3183,7
No,3,3184,6
No,3,3185,10
No,2,3186,7
No,4,3187,5
No,3,3188,8
No,3,3189,9
No,3,3190,9
No,5,3191,6
No,3,3192,5
No,4,3193,9
No,1,3194,5
No,4,3195,8
No,4,3196,6
No,4,3197,9
No,2,3198,5
No,4,3199,6
No,4,3200,8
No,3,3201,8
No,2,3202,9
No,4,3203,8
No,2,3204,8
No,3,3205,9
No,4,3206,5
No,2,3207,6
No,3,3208,5
No,2,3209,4
No,3,3210,8
No,3,3211,9
No,3,3212,8
No,4,3213,8
No,3,3214,7
No,3,3215,7
No,3,3216,10
No,3,3217,9
No,5,3218,6
No,3,3219,9
No,2,3220,9
No,3,3221,8
No,2,3222,8
No,2,3223,8
No,3,3224,5
No,3,3225,5
No,2,3226,8
No,5,3227,5
No,2,3228,5
No,3,3229,4
No,1,3230,6
No,3,3231,8
No,4,3232,8
No,3,3233,8
No,3,3234,6
No,4,3235,7
No,4,3236,8
No,3,3237,8
No,4,3238,6
No,2,3239,7
No,4,3240,4
No,3,3241,7
No,3,3242,6
No,3,3243,9
No,4,3244,6
No,3,3245,7
No,2,3246,6
No,2,3247,6
No,4,3248,8
No,3,3249,6
No,2,3250,10
No,3,3251,4
No,5,3252,8
No,3,3253,7
No,3,3254,7
No,3,3255,7
No,2,3256,8
No,2,3257,7
No,3,3258,9
No,3,3259,7
No,4,3260,5
No,3,3261,7
No,2,3262,9
No,4,3263,6
No,1,3264,5
No,2,3265,8
No,2,3266,8
No,2,3267,6
No,2,3268,7
No,1,3269,7
No,3,3270,7
No,1,3271,8
No,3,3272,6
No,3,3273,8
No,3,3274,6
No,4,3275,9
No,2,3276,10
No,4,3277,6
No,0,3278,5
No,5,3279,8
No,3,3280,7
No,4,3281,8
No,2,3282,6
No,3,3283,7
No,2,3284,6
No,4,3285,7
No,3,3286,5
No,3,3287,7
No,4,3288,5
No,1,3289,6
No,2,3290,7
No,2,3291,8
No,4,3292,8
No,3,3293,8
No,4,3294,5
No,4,3295,9
No,4,3296,6
No,3,3297,6
No,3,3298,7
No,4,3299,6
No,2,3300,8
No,2,3301,8
No,3,3302,6
No,3,3303,7
No,4,3304,7
No,4,3305,8
No,2,3306,6
No,2,3307,6
No,2,3308,5
No,2,3309,6
No,3,3310,5
No,2,3311,6
No,2,3312,9
No,4,3313,8
No,4,3314,9
No,1,3315,6
No,3,3316,4
No,6,3317,7
No,3,3318,10
No,5,3319,6
No,4,3320,7
No,2,3321,5
No,4,3322,7
No,1,3323,7
No,3,3324,4
No,3,3325,5
No,6,3326,5
No,4,3327,5
No,2,3328,6
No,4,3329,8
No,4,3330,6
No,3,3331,9
No,4,3332,6
No,5,3333,7
No,3,3334,8
No,3,3335,9
No,4,3336,6
No,2,3337,8
No,4,3338,6
No,2,3339,10
No,3,3340,5
No,3,3341,8
No,1,3342,9
No,4,3343,5
No,5,3344,8
No,3,3345,6
No,5,3346,10
No,0,3347,4
No,4,3348,5
No,1,3349,5
No,4,3350,5
No,2,3351,8
No,5,3352,10
No,1,3353,9
No,4,3354,7
No,3,3355,7
No,3,3356,6
No,3,3357,8
No,3,3358,7
No,4,3359,7
No,3,3360,6
No,3,3361,5
No,4,3362,7
No,1,3363,7
No,5,3364,6
No,3,3365,6
No,3,3366,8
No,3,3367,8
No,3,3368,10
No,5,3369,9
No,4,3370,5
No,4,3371,7
No,2,3372,5
No,3,3373,4
No,3,3374,10
No,2,3375,9
No,6,3376,6
No,4,3377,9
No,2,3378,9
No,3,3379,4
No,5,3380,8
No,1,3381,6
No,2,3382,8
No,2,3383,10
No,2,3384,9
No,3,3385,7
No,3,3386,9
No,3,3387,4
No,2,3388,8
No,2,3389,8
No,2,3390,8
No,3,3391,6
No,1,3392,8
No,2,3393,8
No,3,3394,4
No,3,3395,7
No,5,3396,6
No,4,3397,8
No,2,3398,9
No,1,3399,6
No,2,3400,5
No,3,3401,7
No,3,3402,5
No,3,3403,7
No,2,3404,7
No,4,3405,8
No,4,3406,7
No,3,3407,7
No,3,3408,9
No,3,3409,7
No,4,3410,6
No,2,3411,7
No,3,3412,6
No,3,3413,5
No,4,3414,5
No,2,3415,9
No,4,3416,6
No,2,3417,7
No,3,3418,7
No,3,3419,7
No,3,3420,9
No,3,3421,7
No,1,3422,6
No,3,3423,6
No,5,3424,8
No,2,3425,8
No,2,3426,8
No,3,3427,7
No,3,3428,5
No,1,3429,8
No,5,3430,7
No,3,3431,7
No,2,3432,5
No,3,3433,6
No,3,3434,6
No,2,3435,8
No,4,3436,8
No,3,3437,7
No,2,3438,8
No,5,3439,9
No,2,3440,8
No,3,3441,8
No,2,3442,6
No,3,3443,6
No,2,3444,9
No,3,3445,6
No,3,3446,8
No,3,3447,10
No,2,3448,8
No,4,3449,7
No,3,3450,5
No,4,3451,7
No,2,3452,9
No,4,3453,7
No,5,3454,9
No,3,3455,8
No,4,3456,7
No,2,3457,7
No,4,3458,5
No,3,3459,6
No,3,3460,6
No,2,3461,8
No,4,3462,7
No,2,3463,9
No,3,3464,7
No,3,3465,6
No,2,3466,6
No,2,3467,6
No,3,3468,7
No,1,3469,6
No,4,3470,5
No,2,3471,9
No,3,3472,7
No,3,3473,7
No,2,3474,6
No,4,3475,5
No,5,3476,7
No,4,3477,4
No,1,3478,8
No,3,3479,6
No,2,3480,7
No,1,3481,8
No,2,3482,7
No,2,3483,5
No,3,3484,9
No,4,3485,5
No,3,3486,4
No,3,3487,8
No,2,3488,5
No,4,3489,9
No,4,3490,8
No,4,3491,7
No,2,3492,6
No,3,3493,6
No,5,3494,6
No,2,3495,6
No,3,3496,9
No,3,3497,6
No,3,3498,8
No,2,3499,9
No,2,3500,6
No,4,3501,8
No,2,3502,6
No,3,3503,7
No,3,3504,6
No,4,3505,6
No,3,3506,7
No,3,3507,5
No,3,3508,8
No,4,3509,5
No,2,3510,5
No,4,3511,7
No,4,3512,6
No,1,3513,8
No,2,3514,7
No,1,3515,5
No,4,3516,8
No,3,3517,7
No,3,3518,7
No,4,3519,10
No,3,3520,9
No,3,3521,7
No,2,3522,5
No,2,3523,5
No,5,3524,9
No,2,3525,6
No,3,3526,7
No,2,3527,5
No,3,3528,8
No,3,3529,9
No,2,3530,9
No,3,3531,6
No,3,3532,8
No,4,3533,7
No,1,3534,8
No,2,3535,7
No,3,3536,6
No,2,3537,9
No,3,3538,7
No,2,3539,6
No,4,3540,7
No,1,3541,6
No,4,3542,8
No,2,3543,7
No,3,3544,6
No,4,3545,10
No,3,3546,5
No,1,3547,8
No,5,3548,7
No,1,3549,5
No,2,3550,6
No,2,3551,5
No,2,3552,10
No,5,3553,7
No,2,3554,7
No,2,3555,10
No,1,3556,6
No,4,3557,9
No,4,3558,8
No,3,3559,4
No,4,3560,6
No,5,3561,8
No,2,3562,7
No,3,3563,7
No,3,3564,6
No,3,3565,6
No,1,3566,7
No,2,3567,10
No,2,3568,6
No,4,3569,6
No,2,3570,7
No,4,3571,5
No,2,3572,8
No,4,3573,5
No,3,3574,5
No,3,3575,5
No,3,3576,5
No,4,3577,9
No,2,3578,8
No,4,3579,8
No,3,3580,8
No,4,3581,7
No,2,3582,7
No,1,3583,9
No,2,3584,9
No,4,3585,5
No,4,3586,10
No,4,3587,5
No,4,3588,6
No,4,3589,7
No,2,3590,7
No,2,3591,10
No,2,3592,9
No,3,3593,8
No,4,3594,9
No,3,3595,8
No,5,3596,6
No,3,3597,8
No,3,3598,7
No,2,3599,6
No,3,3600,9
No,3,3601,7
No,3,3602,5
No,3,3603,6
No,5,3604,8
No,3,3605,9
No,3,3606,8
No,3,3607,8
No,3,3608,6
No,3,3609,7
No,3,3610,7
No,4,3611,7
No,2,3612,7
No,2,3613,6
No,5,3614,8
No,3,3615,5
No,3,3616,5
No,3,3617,6
No,3,3618,8
No,2,3619,8
No,3,3620,4
No,2,3621,8
No,2,3622,7
No,3,3623,6
No,3,3624,7
No,2,3625,5
No,2,3626,7
No,3,3627,5
No,4,3628,6
No,4,3629,6
No,3,3630,8
No,3,3631,7
No,3,3632,8
No,3,3633,5
No,3,3634,7
No,3,3635,8
No,3,3636,9
No,3,3637,5
No,2,3638,6
No,2,3639,8
No,3,3640,9
No,3,3641,7
No,1,3642,5
No,2,3643,5
No,3,3644,7
No,2,3645,8
No,3,3646,7
No,2,3647,5
No,3,3648,9
No,3,3649,6
No,5,3650,8
No,1,3651,4
No,2,3652,9
No,3,3653,6
No,4,3654,9
No,3,3655,8
No,4,3656,5
No,2,3657,7
No,2,3658,9
No,3,3659,6
No,2,3660,9
No,3,3661,8
No,3,3662,9
No,3,3663,7
No,3,3664,7
No,3,3665,10
No,5,3666,8
No,4,3667,7
No,5,3668,8
No,1,3669,6
No,5,3670,7
No,4,3671,9
No,5,3672,7
No,3,3673,6
No,3,3674,6
No,4,3675,7
No,2,3676,6
No,4,3677,5
No,4,3678,5
No,2,3679,9
No,3,3680,7
No,1,3681,7
No,4,3682,6
No,3,3683,6
No,3,3684,6
No,4,3685,7
No,2,3686,5
No,4,3687,9
No,3,3688,7
No,2,3689,7
No,4,3690,8
No,2,3691,8
No,3,3692,6
No,1,3693,8
No,2,3694,8
No,2,3695,7
No,4,3696,9
No,2,3697,8
No,3,3698,8
No,2,3699,9
No,4,3700,7
No,3,3701,7
No,2,3702,8
No,4,3703,7
No,4,3704,8
No,2,3705,6
No,4,3706,4
No,2,3707,8
No,2,3708,5
No,3,3709,6
No,4,3710,8
No,4,3711,8
No,1,3712,9
No,4,3713,4
No,5,3714,7
No,1,3715,7
No,3,3716,8
No,3,3717,9
No,4,3718,5
No,2,3719,7
No,3,3720,8
No,3,3721,6
No,2,3722,10
No,4,3723,6
No,2,3724,7
No,4,3725,5
No,4,3726,7
No,4,3727,4
No,2,3728,7
No,5,3729,9
No,1,3730,5
No,2,3731,5
No,2,3732,9
No,5,3733,9
No,4,3734,5
No,3,3735,10
No,4,3736,8
No,4,3737,9
No,2,3738,6
No,2,3739,9
No,4,3740,7
No,2,3741,7
No,4,3742,8
No,2,3743,6
No,2,3744,5
No,3,3745,7
No,5,3746,7
No,2,3747,6
No,3,3748,9
No,3,3749,10
No,1,3750,6
No,3,3751,7
No,3,3752,6
No,4,3753,10
No,1,3754,8
No,3,3755,8
No,3,3756,9
No,4,3757,7
No,4,3758,7
No,4,3759,9
No,2,3760,8
No,3,3761,6
No,2,3762,6
No,3,3763,6
No,2,3764,9
No,4,3765,9
No,2,3766,10
No,2,3767,6
No,3,3768,7
No,3,3769,6
No,3,3770,7
No,2,3771,8
No,2,3772,7
No,2,3773,9
No,4,3774,6
No,3,3775,8
No,4,3776,6
No,3,3777,4
No,3,3778,5
No,2,3779,7
No,3,3780,10
No,2,3781,6
No,3,3782,7
No,3,3783,8
No,3,3784,6
No,2,3785,6
No,3,3786,7
No,2,3787,6
No,4,3788,4
No,3,3789,6
No,2,3790,8
No,3,3791,8
No,4,3792,9
No,3,3793,9
No,3,3794,6
No,2,3795,6
No,4,3796,6
No,2,3797,7
No,2,3798,6
No,3,3799,7
No,3,3800,6
No,1,3801,8
No,4,3802,6
No,2,3803,6
No,2,3804,8
No,5,3805,8
No,4,3806,7
No,2,3807,8
No,3,3808,8
No,2,3809,10
No,3,3810,8
No,3,3811,10
No,3,3812,7
No,3,3813,9
No,2,3814,9
No,3,3815,7
No,2,3816,6
No,3,3817,6
No,2,3818,8
No,2,3819,5
No,3,3820,6
No,3,3821,9
No,4,3822,8
No,2,3823,4
No,4,3824,5
No,2,3825,10
No,0,3826,9
No,4,3827,6
No,2,3828,5
No,4,3829,5
No,2,3830,8
No,2,3831,10
No,3,3832,10
No,2,3833,5
No,4,3834,7
No,3,3835,6
No,2,3836,7
No,3,3837,5
No,2,3838,6
No,3,3839,6
No,4,3840,8
No,4,3841,6
No,3,3842,6
No,3,3843,8
No,5,3844,9
No,4,3845,10
No,3,3846,8
No,3,3847,7
No,3,3848,9
No,2,3849,9
No,4,3850,8
No,3,3851,5
No,2,3852,9
No,5,3853,8
No,3,3854,6
No,4,3855,6
No,1,3856,8
No,2,3857,4
No,3,3858,7
No,3,3859,6
No,2,3860,6
No,2,3861,6
No,3,3862,5
No,2,3863,9
No,3,3864,4
No,1,3865,7
No,4,3866,6
No,2,3867,10
No,3,3868,7
No,2,3869,4
No,3,3870,8
No,1,3871,5
No,2,3872,8
No,3,3873,8
No,3,3874,9
No,5,3875,7
No,3,3876,8
No,3,3877,7
No,2,3878,6
No,5,3879,9
No,2,3880,5
No,3,3881,7
No,4,3882,6
No,2,3883,8
No,2,3884,6
No,3,3885,6
No,4,3886,7
No,2,3887,9
No,3,3888,6
No,2,3889,6
No,2,3890,5
No,2,3891,6
No,3,3892,8
No,0,3893,7
No,3,3894,7
No,3,3895,10
No,3,3896,4
No,4,3897,10
No,1,3898,9
No,3,3899,7
No,5,3900,8
No,3,3901,6
No,3,3902,7
No,3,3903,10
No,3,3904,6
No,6,3905,7
No,2,3906,6
No,2,3907,6
No,3,3908,6
No,3,3909,5
No,4,3910,7
No,2,3911,7
No,1,3912,6
No,1,3913,4
No,1,3914,7
No,2,3915,7
No,4,3916,10
No,3,3917,7
No,4,3918,8
No,2,3919,6
No,4,3920,9
No,2,3921,6
No,2,3922,8
No,4,3923,8
No,0,3924,8
No,4,3925,10
No,3,3926,6
No,5,3927,9
No,2,3928,9
No,3,3929,7
No,3,3930,10
No,2,3931,7
No,3,3932,7
No,3,3933,7
No,5,3934,5
No,6,3935,8
No,4,3936,8
No,2,3937,7
No,3,3938,10
No,3,3939,6
No,3,3940,4
No,3,3941,10
No,3,3942,9
No,4,3943,8
No,5,3944,6
No,1,3945,8
No,4,3946,5
No,5,3947,7
No,3,3948,6
No,1,3949,7
No,2,3950,8
No,3,3951,5
No,2,3952,8
No,2,3953,7
No,4,3954,8
No,4,3955,7
No,2,3956,8
No,3,3957,6
No,3,3958,4
No,4,3959,5
No,4,3960,6
No,3,3961,5
No,4,3962,9
No,2,3963,7
No,3,3964,8
No,4,3965,8
No,2,3966,7
No,1,3967,10
No,5,3968,10
No,2,3969,9
No,4,3970,6
No,2,3971,9
No,4,3972,4
No,2,3973,9
No,3,3974,4
No,4,3975,7
No,3,3976,9
No,1,3977,8
No,3,3978,5
No,3,3979,7
No,2,3980,8
No,3,3981,7
No,4,3982,6
No,6,3983,8
No,4,3984,9
No,2,3985,7
No,2,3986,9
No,2,3987,7
No,3,3988,6
No,3,3989,9
No,3,3990,9
No,3,3991,6
No,2,3992,6
No,2,3993,10
No,3,3994,7
No,4,3995,7
No,2,3996,7
No,3,3997,9
No,5,3998,10
No,4,3999,7
No,3,4000,10
No,2,4001,6
No,4,4002,7
No,3,4003,8
No,3,4004,6
No,4,4005,8
No,3,4006,6
No,2,4007,5
No,3,4008,4
No,2,4009,7
No,2,4010,8
No,3,4011,5
No,5,4012,7
No,4,4013,7
No,2,4014,7
No,4,4015,6
No,4,4016,7
No,4,4017,7
No,4,4018,8
No,3,4019,5
No,3,4020,7
No,3,4021,5
No,3,4022,7
No,3,4023,5
No,3,4024,6
No,4,4025,7
No,2,4026,6
No,4,4027,9
No,4,4028,9
No,2,4029,8
No,3,4030,8
No,2,4031,7
No,3,4032,9
No,3,4033,7
No,2,4034,10
No,3,4035,6
No,2,4036,5
No,4,4037,5
No,4,4038,5
No,2,4039,5
No,4,4040,7
No,3,4041,8
No,1,4042,7
No,3,4043,5
No,3,4044,6
No,3,4045,8
No,5,4046,6
No,4,4047,6
No,2,4048,5
No,1,4049,6
No,3,4050,6
No,1,4051,7
No,3,4052,8
No,3,4053,7
No,2,4054,7
No,1,4055,8
No,2,4056,5
No,2,4057,10
No,3,4058,6
No,2,4059,8
No,5,4060,5
No,1,4061,7
No,4,4062,7
No,3,4063,9
No,4,4064,7
No,0,4065,9
No,2,4066,7
No,2,4067,10
No,3,4068,4
No,3,4069,8
No,3,4070,4
No,3,4071,7
No,3,4072,9
No,4,4073,9
No,2,4074,8
No,2,4075,7
No,5,4076,8
No,4,4077,10
No,3,4078,7
No,4,4079,8
No,5,4080,6
No,1,4081,9
No,2,4082,8
No,3,4083,6
No,3,4084,8
No,3,4085,8
No,3,4086,8
No,1,4087,7
No,4,4088,9
No,2,4089,6
No,4,4090,7
No,3,4091,7
No,3,4092,9
No,3,4093,6
No,3,4094,7
No,2,4095,6
No,3,4096,7
No,4,4097,8
No,2,4098,5
No,2,4099,9
No,3,4100,8
No,2,4101,6
No,3,4102,6
No,3,4103,9
No,1,4104,8
No,4,4105,6
No,2,4106,6
No,2,4107,8
No,4,4108,8
No,1,4109,8
No,2,4110,7
No,3,4111,8
No,3,4112,7
No,5,4113,6
No,3,4114,9
No,2,4115,8
No,4,4116,6
No,1,4117,7
No,2,4118,7
No,4,4119,6
No,2,4120,7
No,3,4121,6
No,4,4122,8
No,3,4123,7
No,5,4124,5
No,3,4125,7
No,2,4126,6
No,4,4127,4
No,2,4128,7
No,5,4129,9
No,2,4130,7
No,5,4131,8
No,3,4132,7
No,2,4133,6
No,4,4134,6
No,5,4135,5
No,4,4136,8
No,2,4137,8
No,4,4138,7
No,0,4139,4
No,4,4140,8
No,3,4141,6
No,1,4142,7
No,3,4143,5
No,3,4144,7
No,5,4145,7
No,3,4146,4
No,4,4147,9
No,4,4148,7
No,3,4149,7
No,3,4150,8
No,3,4151,7
No,4,4152,8
No,1,4153,5
No,3,4154,7
No,5,4155,4
No,3,4156,7
No,2,4157,9
No,2,4158,5
No,4,4159,6
No,4,4160,4
No,4,4161,7
No,5,4162,8
No,3,4163,8
No,3,4164,6
No,1,4165,4
No,3,4166,5
No,2,4167,9
No,1,4168,8
No,3,4169,7
No,2,4170,7
No,3,4171,5
No,2,4172,9
No,4,4173,6
No,3,4174,8
No,4,4175,5
No,3,4176,7
No,3,4177,9
No,3,4178,6
No,3,4179,8
No,4,4180,5
No,2,4181,6
No,4,4182,7
No,2,4183,8
No,1,4184,7
No,5,4185,8
No,2,4186,9
No,6,4187,6
No,4,4188,5
No,4,4189,6
No,2,4190,9
No,2,4191,6
No,2,4192,9
No,4,4193,7
No,3,4194,10
No,3,4195,10
No,2,4196,9
No,2,4197,5
No,3,4198,4
No,3,4199,7
No,3,4200,8
No,2,4201,8
No,2,4202,6
No,5,4203,5
No,2,4204,8
No,2,4205,10
No,4,4206,6
No,1,4207,8
No,2,4208,10
No,4,4209,7
No,5,4210,7
No,2,4211,8
No,3,4212,7
No,3,4213,9
No,2,4214,6
No,3,4215,7
No,2,4216,5
No,3,4217,7
No,4,4218,5
No,2,4219,8
No,3,4220,5
No,4,4221,8
No,2,4222,6
No,4,4223,10
No,4,4224,9
No,2,4225,8
No,5,4226,5
No,5,4227,6
No,3,4228,6
No,3,4229,6
No,3,4230,9
No,3,4231,7
No,2,4232,6
No,3,4233,6
No,3,4234,6
No,1,4235,8
No,4,4236,5
No,1,4237,7
No,3,4238,8
No,3,4239,4
No,4,4240,5
No,3,4241,7
No,2,4242,9
No,3,4243,9
No,5,4244,6
No,4,4245,9
No,5,4246,7
No,4,4247,7
No,4,4248,7
No,5,4249,8
No,5,4250,6
No,3,4251,6
No,3,4252,5
No,1,4253,8
No,3,4254,8
No,2,4255,8
No,2,4256,5
No,3,4257,6
No,3,4258,9
No,1,4259,7
No,4,4260,7
No,4,4261,7
No,3,4262,8
No,4,4263,7
No,3,4264,6
No,4,4265,8
No,3,4266,5
No,4,4267,9
No,3,4268,6
No,4,4269,8
No,2,4270,7
No,3,4271,6
No,1,4272,9
No,3,4273,8
No,5,4274,7
No,4,4275,10
No,3,4276,8
No,3,4277,6
No,5,4278,4
No,4,4279,7
No,3,4280,9
No,4,4281,8
No,3,4282,9
No,4,4283,6
No,2,4284,7
No,3,4285,7
No,2,4286,7
No,3,4287,8
No,2,4288,9
No,5,4289,10
No,4,4290,9
No,1,4291,8
No,1,4292,6
No,3,4293,7
No,2,4294,8
No,2,4295,7
No,5,4296,6
No,3,4297,6
No,2,4298,8
No,2,4299,7
No,5,4300,7
No,3,4301,7
No,3,4302,6
No,3,4303,7
No,3,4304,6
No,5,4305,6
No,3,4306,5
No,2,4307,7
No,2,4308,8
No,3,4309,9
No,4,4310,5
No,3,4311,9
No,2,4312,7
No,3,4313,5
No,2,4314,6
No,2,4315,4
No,2,4316,5
No,2,4317,10
No,2,4318,6
No,2,4319,8
No,3,4320,7
No,2,4321,7
No,4,4322,8
No,2,4323,4
No,1,4324,9
No,3,4325,7
No,3,4326,6
No,2,4327,8
No,5,4328,6
No,3,4329,7
No,4,4330,7
No,3,4331,8
No,4,4332,7
No,5,4333,5
No,2,4334,8
No,2,4335,7
No,3,4336,4
No,3,4337,7
No,4,4338,6
No,3,4339,8
No,3,4340,6
No,3,4341,5
No,4,4342,9
No,3,4343,8
No,4,4344,7
No,3,4345,8
No,3,4346,8
No,2,4347,7
No,3,4348,5
No,3,4349,7
No,3,4350,9
No,2,4351,8
No,4,4352,7
No,4,4353,8
No,2,4354,7
No,3,4355,9
No,2,4356,9
No,2,4357,5
No,3,4358,9
No,4,4359,10
No,2,4360,8
No,2,4361,8
No,3,4362,6
No,2,4363,6
No,4,4364,7
No,4,4365,6
No,4,4366,5
No,3,4367,7
No,2,4368,8
No,2,4369,5
No,2,4370,7
No,3,4371,7
No,2,4372,7
No,3,4373,8
No,1,4374,8
No,3,4375,6
No,3,4376,9
No,3,4377,8
No,3,4378,9
No,5,4379,7
No,3,4380,7
No,2,4381,7
No,2,4382,9
No,2,4383,7
No,3,4384,7
No,3,4385,10
No,3,4386,5
No,2,4387,8
No,2,4388,7
No,3,4389,7
No,2,4390,6
No,3,4391,6
No,2,4392,6
No,2,4393,8
No,2,4394,8
No,4,4395,4
No,4,4396,5
No,4,4397,8
No,4,4398,8
No,4,4399,5
No,3,4400,8
No,4,4401,7
No,3,4402,8
No,4,4403,6
No,4,4404,5
No,3,4405,7
No,4,4406,7
No,2,4407,7
No,3,4408,6
No,2,4409,10
No,4,4410,4
No,3,4411,6
No,4,4412,6
No,4,4413,7
No,2,4414,8
No,3,4415,8
No,3,4416,9
No,3,4417,8
No,3,4418,4
No,4,4419,5
No,2,4420,9
No,2,4421,9
No,3,4422,8
No,4,4423,6
No,3,4424,7
No,4,4425,6
No,3,4426,5
No,3,4427,7
No,4,4428,10
No,3,4429,6
No,2,4430,9
No,5,4431,6
No,5,4432,5
No,4,4433,8
No,2,4434,7
No,3,4435,9
No,4,4436,9
No,3,4437,7
No,3,4438,9
No,3,4439,6
No,3,4440,6
No,1,4441,9
No,4,4442,5
No,4,4443,7
No,3,4444,9
No,0,4445,9
No,5,4446,6
No,2,4447,9
No,2,4448,5
No,2,4449,6
No,3,4450,7
No,4,4451,8
No,3,4452,5
No,3,4453,10
No,4,4454,4
No,3,4455,7
No,3,4456,7
No,3,4457,4
No,2,4458,9
No,1,4459,6
No,3,4460,7
No,3,4461,7
No,3,4462,5
No,3,4463,5
No,3,4464,9
No,2,4465,7
No,3,4466,4
No,2,4467,7
No,1,4468,7
No,4,4469,7
No,2,4470,4
No,5,4471,7
No,1,4472,6
No,3,4473,7
No,5,4474,8
No,3,4475,8
No,2,4476,9
No,2,4477,10
No,3,4478,5
No,2,4479,6
No,3,4480,8
No,4,4481,7
No,3,4482,4
No,4,4483,7
No,3,4484,9
No,5,4485,5
No,4,4486,7
No,4,4487,4
No,3,4488,8
No,4,4489,7
No,2,4490,6
No,3,4491,6
No,4,4492,5
No,2,4493,9
No,3,4494,6
No,3,4495,8
No,2,4496,6
No,5,4497,10
No,4,4498,9
No,4,4499,10
No,2,4500,10
No,4,4501,6
No,1,4502,6
No,3,4503,10
No,4,4504,7
No,3,4505,8
No,2,4506,6
No,3,4507,6
No,1,4508,8
No,2,4509,4
No,4,4510,8
No,4,4511,8
No,1,4512,6
No,2,4513,7
No,4,4514,7
No,4,4515,7
No,3,4516,8
No,3,4517,6
No,3,4518,10
No,4,4519,7
No,2,4520,7
No,4,4521,10
No,2,4522,4
No,2,4523,10
No,4,4524,7
No,4,4525,6
No,4,4526,5
No,3,4527,5
No,3,4528,6
No,3,4529,7
No,3,4530,8
No,4,4531,7
No,2,4532,6
No,4,4533,9
No,5,4534,10
No,2,4535,9
No,4,4536,6
No,3,4537,8
No,4,4538,8
No,2,4539,9
No,4,4540,6
No,1,4541,6
No,2,4542,9
No,2,4543,8
No,2,4544,5
No,2,4545,8
No,3,4546,10
No,1,4547,6
No,3,4548,6
No,3,4549,7
No,4,4550,8
No,4,4551,7
No,4,4552,9
No,3,4553,7
No,3,4554,9
No,3,4555,6
No,3,4556,5
No,3,4557,6
No,1,4558,5
No,4,4559,8
No,3,4560,4
No,4,4561,6
No,3,4562,7
No,5,4563,5
No,3,4564,7
No,3,4565,7
No,3,4566,9
No,4,4567,5
No,2,4568,8
No,4,4569,8
No,3,4570,7
No,5,4571,6
No,3,4572,5
No,3,4573,10
No,2,4574,7
No,3,4575,7
No,2,4576,10
No,1,4577,7
No,1,4578,10
No,2,4579,5
No,3,4580,7
No,3,4581,5
No,4,4582,7
No,1,4583,7
No,1,4584,6
No,3,4585,7
No,3,4586,6
No,3,4587,7
No,3,4588,6
No,2,4589,9
No,3,4590,5
No,5,4591,7
No,2,4592,5
No,2,4593,6
No,2,4594,6
No,4,4595,7
No,5,4596,7
No,4,4597,5
No,3,4598,6
No,3,4599,6
No,2,4600,5
No,2,4601,9
No,4,4602,5
No,3,4603,7
No,1,4604,10
No,2,4605,9
No,1,4606,8
No,2,4607,7
No,4,4608,8
No,4,4609,8
No,3,4610,9
No,4,4611,7
No,4,4612,9
No,3,4613,7
No,4,4614,10
No,2,4615,7
No,3,4616,5
No,3,4617,7
No,3,4618,8
No,4,4619,9
No,3,4620,6
No,2,4621,4
No,4,4622,8
No,5,4623,8
No,4,4624,5
No,4,4625,7
No,1,4626,7
No,3,4627,8
No,3,4628,6
No,2,4629,6
No,2,4630,7
No,4,4631,5
No,4,4632,10
No,2,4633,8
No,4,4634,6
No,3,4635,5
No,4,4636,5
No,2,4637,8
No,2,4638,5
No,2,4639,7
No,4,4640,4
No,3,4641,8
No,4,4642,8
No,6,4643,7
No,1,4644,7
No,3,4645,8
No,2,4646,7
No,4,4647,8
No,3,4648,5
No,4,4649,8
No,3,4650,7
No,2,4651,9
No,3,4652,7
No,4,4653,7
No,3,4654,6
No,2,4655,9
No,3,4656,4
No,1,4657,8
No,1,4658,7
No,4,4659,7
No,4,4660,7
No,5,4661,7
No,4,4662,8
No,2,4663,6
No,4,4664,7
No,3,4665,8
No,3,4666,6
No,4,4667,8
No,5,4668,8
No,3,4669,6
No,4,4670,5
No,3,4671,6
No,2,4672,7
No,3,4673,7
No,3,4674,9
No,2,4675,6
No,2,4676,6
No,4,4677,8
No,4,4678,6
No,3,4679,6
No,4,4680,6
No,4,4681,4
No,4,4682,8
No,3,4683,8
No,4,4684,8
No,2,4685,10
No,2,4686,9
No,2,4687,6
No,4,4688,9
No,4,4689,7
No,3,4690,6
No,2,4691,6
No,4,4692,7
No,3,4693,7
No,3,4694,9
No,4,4695,8
No,5,4696,6
No,3,4697,5
No,4,4698,8
No,4,4699,8
No,2,4700,9
No,1,4701,7
No,3,4702,8
No,3,4703,8
No,3,4704,5
No,4,4705,7
No,4,4706,8
No,3,4707,8
No,3,4708,7
No,2,4709,10
No,4,4710,10
No,4,4711,7
No,2,4712,7
No,3,4713,8
No,3,4714,7
No,3,4715,9
No,2,4716,5
No,3,4717,7
No,4,4718,8
No,2,4719,9
No,1,4720,5
No,4,4721,6
No,3,4722,4
No,3,4723,6
No,2,4724,5
No,4,4725,8
No,1,4726,7
No,3,4727,7
No,5,4728,7
No,3,4729,9
No,4,4730,5
No,4,4731,4
No,4,4732,8
No,2,4733,6
No,4,4734,5
No,1,4735,8
No,3,4736,4
No,2,4737,6
No,3,4738,4
No,1,4739,7
No,3,4740,9
No,2,4741,6
No,3,4742,6
No,2,4743,10
No,3,4744,8
No,1,4745,10
No,1,4746,7
No,3,4747,7
No,2,4748,9
No,3,4749,7
No,4,4750,7
No,2,4751,4
No,3,4752,10
No,4,4753,8
No,5,4754,7
No,2,4755,8
No,3,4756,5
No,3,4757,6
No,2,4758,8
No,3,4759,7
No,2,4760,8
No,1,4761,7
No,3,4762,8
No,4,4763,5
No,3,4764,9
No,5,4765,6
No,2,4766,7
No,3,4767,6
No,1,4768,7
No,2,4769,7
No,4,4770,8
No,2,4771,8
No,1,4772,8
No,1,4773,6
No,4,4774,8
No,5,4775,7
No,1,4776,7
No,4,4777,8
No,2,4778,5
No,4,4779,4
No,2,4780,9
No,4,4781,7
No,3,4782,8
No,2,4783,6
No,2,4784,9
No,2,4785,8
No,2,4786,7
No,4,4787,7
No,2,4788,4
No,3,4789,8
No,3,4790,9
No,4,4791,7
No,2,4792,7
No,2,4793,7
No,3,4794,9
No,4,4795,9
No,2,4796,6
No,3,4797,8
No,3,4798,7
No,3,4799,8
No,5,4800,6
No,4,4801,9
No,4,4802,8
No,4,4803,9
No,3,4804,5
No,2,4805,5
No,4,4806,10
No,1,4807,9
No,4,4808,6
No,2,4809,8
No,2,4810,6
No,2,4811,4
No,4,4812,4
No,4,4813,7
No,4,4814,9
No,3,4815,9
No,1,4816,9
No,3,4817,8
No,3,4818,7
No,5,4819,9
No,4,4820,4
No,2,4821,8
No,1,4822,5
No,4,4823,6
No,2,4824,8
No,5,4825,8
No,4,4826,6
No,2,4827,8
No,3,4828,8
No,1,4829,7
No,3,4830,7
No,2,4831,10
No,3,4832,7
No,2,4833,7
No,3,4834,7
No,4,4835,7
No,2,4836,8
No,2,4837,9
No,5,4838,7
No,4,4839,6
No,1,4840,10
No,2,4841,7
No,6,4842,4
No,4,4843,10
No,3,4844,9
No,3,4845,9
No,2,4846,9
No,4,4847,10
No,3,4848,5
No,2,4849,6
No,2,4850,6
No,2,4851,6
No,4,4852,7
No,3,4853,6
No,2,4854,5
No,2,4855,6
No,3,4856,7
No,2,4857,9
No,4,4858,6
No,2,4859,8
No,2,4860,5
No,3,4861,4
No,4,4862,7
No,4,4863,6
No,2,4864,6
No,3,4865,6
No,4,4866,6
No,3,4867,6
No,3,4868,6
No,4,4869,5
No,2,4870,4
No,2,4871,4
No,2,4872,10
No,2,4873,7
No,4,4874,9
No,3,4875,7
No,2,4876,7
No,1,4877,7
No,2,4878,8
No,3,4879,5
No,2,4880,6
No,5,4881,7
No,4,4882,4
No,3,4883,9
No,4,4884,9
No,2,4885,4
No,3,4886,6
No,2,4887,7
No,3,4888,8
No,3,4889,9
No,3,4890,6
No,2,4891,10
No,3,4892,7
No,2,4893,7
No,3,4894,8
No,3,4895,7
No,3,4896,7
No,2,4897,10
No,4,4898,7
No,4,4899,6
No,4,4900,6
No,2,4901,9
No,4,4902,8
No,2,4903,5
No,3,4904,5
No,3,4905,7
No,4,4906,8
No,3,4907,6
No,2,4908,4
No,3,4909,5
No,4,4910,9
No,1,4911,8
No,2,4912,9
No,2,4913,9
No,4,4914,6
No,2,4915,6
No,2,4916,7
No,3,4917,8
No,3,4918,9
No,1,4919,10
No,2,4920,8
No,2,4921,8
No,3,4922,10
No,2,4923,7
No,3,4924,9
No,3,4925,8
No,1,4926,8
No,2,4927,7
No,3,4928,5
No,3,4929,8
No,2,4930,8
No,4,4931,6
No,3,4932,7
No,3,4933,6
No,2,4934,6
No,4,4935,6
No,5,4936,5
No,2,4937,6
No,2,4938,8
No,3,4939,9
No,2,4940,10
No,3,4941,6
No,4,4942,9
No,3,4943,8
No,2,4944,7
No,5,4945,8
No,2,4946,9
No,4,4947,6
No,3,4948,6
No,4,4949,6
No,2,4950,6
No,4,4951,9
No,4,4952,6
No,3,4953,6
No,4,4954,7
No,3,4955,7
No,3,4956,6
No,2,4957,10
No,2,4958,6
No,4,4959,7
No,3,4960,4
No,4,4961,7
No,3,4962,5
No,3,4963,6
No,4,4964,4
No,1,4965,6
No,3,4966,7
No,3,4967,7
No,3,4968,6
No,4,4969,7
No,2,4970,6
No,2,4971,7
No,3,4972,7
No,3,4973,7
No,4,4974,7
No,3,4975,6
No,4,4976,8
No,3,4977,8
No,2,4978,7
No,3,4979,9
No,3,4980,7
No,3,4981,7
No,2,4982,7
No,4,4983,7
No,4,4984,6
No,3,4985,4
No,2,4986,7
No,2,4987,8
No,4,4988,5
No,2,4989,9
No,4,4990,5
No,1,4991,6
No,3,4992,10
No,1,4993,8
No,3,4994,7
No,4,4995,7
No,4,4996,9
No,3,4997,5
No,3,4998,9
No,1,4999,6
No,1,5000,8
No,3,5001,6
No,4,5002,10
No,3,5003,7
No,3,5004,5
No,5,5005,8
No,3,5006,9
No,1,5007,9
No,3,5008,7
No,2,5009,8
No,4,5010,6
No,4,5011,8
No,3,5012,8
No,3,5013,4
No,4,5014,5
No,4,5015,7
No,3,5016,7
No,3,5017,7
No,3,5018,7
No,3,5019,9
No,4,5020,8
No,3,5021,4
No,2,5022,10
No,4,5023,4
No,3,5024,8
No,4,5025,5
No,3,5026,9
No,3,5027,7
No,1,5028,8
No,1,5029,4
No,6,5030,8
No,3,5031,8
No,4,5032,8
No,3,5033,8
No,5,5034,7
No,3,5035,7
No,3,5036,6
No,4,5037,6
No,3,5038,9
No,1,5039,6
No,2,5040,4
No,4,5041,6
No,3,5042,8
No,4,5043,7
No,1,5044,8
No,4,5045,4
No,4,5046,4
No,4,5047,7
No,4,5048,9
No,1,5049,4
No,4,5050,8
No,0,5051,9
No,3,5052,7
No,2,5053,8
No,3,5054,7
No,1,5055,7
No,1,5056,8
No,3,5057,10
No,3,5058,6
No,3,5059,7
No,2,5060,6
No,3,5061,7
No,2,5062,7
No,2,5063,9
No,3,5064,9
No,3,5065,8
No,2,5066,9
No,4,5067,6
No,4,5068,6
No,4,5069,8
No,3,5070,7
No,4,5071,10
No,4,5072,4
No,3,5073,8
No,3,5074,8
No,4,5075,6
No,3,5076,6
No,3,5077,6
No,4,5078,5
No,3,5079,9
No,4,5080,10
No,2,5081,6
No,4,5082,6
No,2,5083,5
No,2,5084,5
No,4,5085,6
No,3,5086,9
No,3,5087,10
No,3,5088,6
No,4,5089,6
No,5,5090,5
No,3,5091,8
No,4,5092,8
No,2,5093,7
No,2,5094,6
No,3,5095,9
No,3,5096,8
No,1,5097,8
No,3,5098,8
No,3,5099,7
No,2,5100,6
No,3,5101,8
No,4,5102,8
No,3,5103,8
No,2,5104,5
No,3,5105,8
No,5,5106,7
No,1,5107,6
No,4,5108,8
No,4,5109,7
No,2,5110,10
No,4,5111,8
No,4,5112,7
No,3,5113,7
No,3,5114,5
No,3,5115,9
No,2,5116,7
No,4,5117,7
No,4,5118,5
No,4,5119,8
No,3,5120,6
No,2,5121,6
No,3,5122,7
No,3,5123,6
No,1,5124,6
No,3,5125,7
No,2,5126,9
No,3,5127,8
No,4,5128,8
No,4,5129,8
No,4,5130,6
No,4,5131,9
No,3,5132,4
No,5,5133,8
No,3,5134,8
No,2,5135,7
No,2,5136,6
No,4,5137,7
No,3,5138,6
No,2,5139,8
No,2,5140,8
No,4,5141,8
No,4,5142,8
No,4,5143,8
No,3,5144,8
No,3,5145,6
No,2,5146,5
No,4,5147,7
No,3,5148,8
No,2,5149,5
No,1,5150,7
No,4,5151,9
No,2,5152,7
No,3,5153,9
No,3,5154,9
No,3,5155,7
No,3,5156,6
No,3,5157,6
No,2,5158,7
No,2,5159,5
No,2,5160,5
No,2,5161,4
No,4,5162,7
No,2,5163,10
No,3,5164,4
No,3,5165,7
No,3,5166,7
No,3,5167,7
No,3,5168,9
No,4,5169,6
No,3,5170,4
No,2,5171,6
No,4,5172,6
No,3,5173,4
No,5,5174,7
No,3,5175,5
No,3,5176,7
No,3,5177,6
No,4,5178,5
No,2,5179,8
No,2,5180,7
No,1,5181,7
No,3,5182,8
No,2,5183,7
No,3,5184,7
No,3,5185,6
No,4,5186,5
No,4,5187,7
No,1,5188,6
No,3,5189,8
No,3,5190,7
No,2,5191,8
No,3,5192,6
No,2,5193,5
No,4,5194,10
No,2,5195,7
No,4,5196,8
No,1,5197,5
No,3,5198,7
No,4,5199,9
No,1,5200,5
No,3,5201,10
No,5,5202,7
No,2,5203,6
No,3,5204,8
No,3,5205,9
No,3,5206,6
No,1,5207,6
No,4,5208,7
No,2,5209,8
No,3,5210,7
No,3,5211,8
No,3,5212,8
No,3,5213,7
No,2,5214,6
No,2,5215,7
No,3,5216,10
No,3,5217,7
No,4,5218,9
No,2,5219,6
No,2,5220,7
No,1,5221,8
No,3,5222,9
No,4,5223,9
No,4,5224,5
No,3,5225,9
No,4,5226,10
No,3,5227,6
No,3,5228,6
No,2,5229,7
No,5,5230,7
No,1,5231,6
No,2,5232,5
No,3,5233,9
No,2,5234,6
No,2,5235,6
No,2,5236,7
No,4,5237,5
No,3,5238,5
No,5,5239,6
No,3,5240,8
No,3,5241,7
No,3,5242,4
No,4,5243,9
No,1,5244,8
No,4,5245,7
No,2,5246,7
No,1,5247,8
No,2,5248,10
No,4,5249,8
No,3,5250,7
No,5,5251,5
No,2,5252,7
No,3,5253,8
No,3,5254,7
No,1,5255,6
No,3,5256,8
No,3,5257,6
No,3,5258,8
No,4,5259,6
No,2,5260,4
No,3,5261,6
No,1,5262,7
No,2,5263,8
No,1,5264,8
No,3,5265,5
No,3,5266,7
No,4,5267,6
No,3,5268,6
No,3,5269,6
No,3,5270,7
No,3,5271,10
No,2,5272,10
No,3,5273,6
No,2,5274,7
No,3,5275,7
No,2,5276,7
No,4,5277,8
No,5,5278,7
No,2,5279,6
No,2,5280,9
No,2,5281,5
No,3,5282,7
No,4,5283,5
No,1,5284,5
No,3,5285,8
No,5,5286,6
No,1,5287,4
No,4,5288,6
No,2,5289,6
No,2,5290,5
No,5,5291,8
No,4,5292,5
No,1,5293,6
No,4,5294,7
No,4,5295,6
No,4,5296,6
No,2,5297,6
No,4,5298,5
No,4,5299,6
No,3,5300,8
No,5,5301,6
No,0,5302,7
No,3,5303,9
No,2,5304,8
No,4,5305,5
No,4,5306,8
No,2,5307,9
No,3,5308,6
No,1,5309,5
No,4,5310,6
No,1,5311,7
No,3,5312,8
No,2,5313,6
No,4,5314,4
No,2,5315,5
No,4,5316,8
No,4,5317,10
No,1,5318,7
No,5,5319,9
No,2,5320,5
No,3,5321,6
No,4,5322,4
No,4,5323,8
No,3,5324,6
No,3,5325,8
No,2,5326,6
No,3,5327,10
No,3,5328,10
No,3,5329,4
No,1,5330,8
No,5,5331,6
No,4,5332,8
No,3,5333,5
No,3,5334,9
No,4,5335,9
No,3,5336,5
No,4,5337,7
No,3,5338,7
No,3,5339,8
No,2,5340,7
No,3,5341,8
No,3,5342,7
No,4,5343,8
No,3,5344,5
No,3,5345,7
No,3,5346,9
No,2,5347,9
No,4,5348,7
No,3,5349,7
No,2,5350,9
No,3,5351,7
No,3,5352,9
No,4,5353,7
No,3,5354,7
No,1,5355,5
No,3,5356,5
No,3,5357,8
No,2,5358,10
No,2,5359,7
No,4,5360,7
No,3,5361,9
No,4,5362,8
No,4,5363,4
No,3,5364,8
No,3,5365,5
No,3,5366,7
No,3,5367,6
No,2,5368,6
No,3,5369,7
No,4,5370,8
No,1,5371,7
No,3,5372,9
No,2,5373,9
No,2,5374,9
No,3,5375,7
No,3,5376,6
No,4,5377,7
No,3,5378,9
No,3,5379,9
No,3,5380,4
No,3,5381,7
No,4,5382,4
No,4,5383,7
No,2,5384,6
No,4,5385,6
No,4,5386,8
No,2,5387,6
No,3,5388,7
No,2,5389,6
No,3,5390,7
No,3,5391,8
No,3,5392,6
No,3,5393,8
No,3,5394,7
No,4,5395,7
No,3,5396,6
No,5,5397,8
No,2,5398,8
No,5,5399,7
No,2,5400,7
No,3,5401,8
No,3,5402,8
No,3,5403,7
No,4,5404,9
No,1,5405,8
No,2,5406,10
No,2,5407,5
No,0,5408,8
No,2,5409,9
No,4,5410,9
No,2,5411,7
No,2,5412,5
No,4,5413,9
No,1,5414,6
No,4,5415,7
No,4,5416,10
No,3,5417,5
No,3,5418,8
No,5,5419,6
No,3,5420,6
No,5,5421,7
No,3,5422,8
No,3,5423,8
No,1,5424,9
No,3,5425,6
No,3,5426,5
No,5,5427,6
No,4,5428,8
No,4,5429,7
No,3,5430,4
No,4,5431,4
No,4,5432,7
No,2,5433,8
No,3,5434,6
No,3,5435,8
No,2,5436,5
No,2,5437,7
No,4,5438,7
No,4,5439,8
No,3,5440,5
No,2,5441,5
No,4,5442,8
No,3,5443,5
No,3,5444,6
No,1,5445,9
No,1,5446,7
No,2,5447,8
No,2,5448,8
No,4,5449,8
No,4,5450,7
No,4,5451,6
No,2,5452,10
No,3,5453,7
No,3,5454,7
No,3,5455,8
No,4,5456,6
No,4,5457,6
No,5,5458,9
No,2,5459,6
No,3,5460,8
No,2,5461,8
No,4,5462,7
No,2,5463,7
No,3,5464,8
No,3,5465,7
No,3,5466,4
No,4,5467,9
No,2,5468,6
No,4,5469,7
No,3,5470,5
No,1,5471,6
No,3,5472,6
No,3,5473,7
No,4,5474,6
No,5,5475,10
No,3,5476,7
No,1,5477,8
No,3,5478,7
No,2,5479,8
No,3,5480,4
No,2,5481,6
No,3,5482,6
No,3,5483,6
No,3,5484,8
No,3,5485,8
No,2,5486,7
No,1,5487,7
No,1,5488,10
No,1,5489,7
No,3,5490,4
No,3,5491,8
No,3,5492,8
No,2,5493,9
No,2,5494,8
No,2,5495,6
No,3,5496,8
No,3,5497,7
No,4,5498,9
No,3,5499,9
No,6,5500,7
No,4,5501,8
No,2,5502,9
No,2,5503,7
No,4,5504,10
No,2,5505,9
No,2,5506,6
No,3,5507,7
No,3,5508,8
No,3,5509,10
No,1,5510,8
No,2,5511,7
No,4,5512,9
No,5,5513,7
No,3,5514,6
No,3,5515,8
No,3,5516,6
No,4,5517,10
No,2,5518,7
No,4,5519,8
No,4,5520,6
No,4,5521,9
No,3,5522,7
No,3,5523,7
No,4,5524,7
No,4,5525,5
No,1,5526,7
No,3,5527,8
No,2,5528,5
No,3,5529,9
No,3,5530,7
No,2,5531,7
No,4,5532,4
No,3,5533,7
No,3,5534,5
No,3,5535,6
No,3,5536,5
No,3,5537,6
No,4,5538,7
No,3,5539,7
No,3,5540,8
No,4,5541,4
No,4,5542,7
No,2,5543,7
No,2,5544,6
No,2,5545,6
No,3,5546,9
No,4,5547,10
No,1,5548,4
No,2,5549,6
No,2,5550,5
No,3,5551,7
No,4,5552,9
No,2,5553,8
No,4,5554,7
No,5,5555,7
No,4,5556,7
No,2,5557,8
No,1,5558,8
No,3,5559,8
No,4,5560,4
No,3,5561,7
No,5,5562,7
No,0,5563,8
No,3,5564,7
No,4,5565,8
No,4,5566,6
No,2,5567,8
No,3,5568,9
No,4,5569,5
No,3,5570,5
No,3,5571,8
No,2,5572,7
No,2,5573,9
No,4,5574,7
No,3,5575,8
No,3,5576,6
No,3,5577,8
No,2,5578,8
No,2,5579,6
No,3,5580,9
No,3,5581,4
No,2,5582,7
No,3,5583,5
No,4,5584,5
No,1,5585,8
No,1,5586,5
No,4,5587,5
No,2,5588,8
No,2,5589,5
No,4,5590,9
No,4,5591,8
No,2,5592,6
No,3,5593,8
No,2,5594,4
No,2,5595,8
No,3,5596,5
No,3,5597,6
No,3,5598,6
No,2,5599,9
No,3,5600,6
No,3,5601,7
No,3,5602,6
No,2,5603,6
No,2,5604,5
No,5,5605,7
No,1,5606,7
No,4,5607,8
No,3,5608,7
No,3,5609,7
No,2,5610,8
No,1,5611,6
No,3,5612,5
No,2,5613,8
No,3,5614,6
No,4,5615,7
No,4,5616,6
No,3,5617,6
No,4,5618,4
No,3,5619,8
No,1,5620,4
No,4,5621,9
No,2,5622,9
No,1,5623,6
No,3,5624,9
No,1,5625,10
No,3,5626,7
No,3,5627,8
No,3,5628,7
No,3,5629,9
No,3,5630,5
No,5,5631,7
No,3,5632,8
No,2,5633,8
No,3,5634,7
No,3,5635,9
No,2,5636,7
No,1,5637,7
No,2,5638,8
No,2,5639,7
No,2,5640,7
No,4,5641,6
No,4,5642,10
No,3,5643,6
No,3,5644,8
No,3,5645,10
No,4,5646,5
No,4,5647,8
No,4,5648,7
No,1,5649,10
No,5,5650,6
No,2,5651,6
No,3,5652,7
No,3,5653,6
No,2,5654,6
No,2,5655,10
No,3,5656,7
No,2,5657,6
No,3,5658,6
No,3,5659,8
No,2,5660,8
No,3,5661,6
No,4,5662,5
No,2,5663,7
No,4,5664,7
No,1,5665,6
No,3,5666,9
No,4,5667,8
No,4,5668,7
No,5,5669,6
No,3,5670,10
No,3,5671,5
No,1,5672,6
No,2,5673,6
No,3,5674,7
No,4,5675,8
No,0,5676,5
No,2,5677,6
No,4,5678,8
No,4,5679,6
No,2,5680,6
No,4,5681,7
No,3,5682,6
No,5,5683,7
No,3,5684,8
No,3,5685,7
No,4,5686,9
No,3,5687,8
No,4,5688,7
No,2,5689,7
No,2,5690,10
No,4,5691,6
No,2,5692,7
No,4,5693,6
No,3,5694,8
No,3,5695,10
No,4,5696,7
No,3,5697,7
No,3,5698,7
No,3,5699,5
No,3,5700,7
No,3,5701,10
No,3,5702,8
No,4,5703,9
No,2,5704,9
No,2,5705,6
No,4,5706,10
No,2,5707,4
No,5,5708,7
No,2,5709,4
No,3,5710,4
No,2,5711,8
No,3,5712,6
No,3,5713,9
No,5,5714,4
No,2,5715,7
No,3,5716,5
No,3,5717,7
No,3,5718,9
No,3,5719,10
No,2,5720,8
No,2,5721,5
No,3,5722,5
No,3,5723,7
No,3,5724,6
No,4,5725,8
No,4,5726,10
No,2,5727,6
No,2,5728,6
No,2,5729,5
No,2,5730,7
No,4,5731,7
No,4,5732,7
No,2,5733,8
No,3,5734,8
No,3,5735,7
No,3,5736,7
No,4,5737,7
No,4,5738,7
No,2,5739,6
No,2,5740,5
No,1,5741,7
No,4,5742,6
No,3,5743,8
No,4,5744,7
No,1,5745,7
No,4,5746,8
No,2,5747,5
No,4,5748,10
No,5,5749,4
No,4,5750,9
No,2,5751,7
No,5,5752,6
No,3,5753,5
No,2,5754,6
No,3,5755,7
No,4,5756,7
No,3,5757,9
No,3,5758,7
No,2,5759,7
No,4,5760,8
No,3,5761,7
No,2,5762,7
No,2,5763,7
No,5,5764,8
No,3,5765,6
No,3,5766,6
No,2,5767,8
No,4,5768,5
No,3,5769,7
No,3,5770,6
No,3,5771,8
No,5,5772,9
No,2,5773,6
No,2,5774,8
No,3,5775,7
No,3,5776,6
No,3,5777,7
No,2,5778,9
No,2,5779,7
No,1,5780,9
No,3,5781,7
No,1,5782,5
No,3,5783,7
No,3,5784,5
No,5,5785,7
No,4,5786,6
No,5,5787,10
No,3,5788,9
No,1,5789,7
No,2,5790,9
No,0,5791,6
No,3,5792,5
No,4,5793,8
No,3,5794,8
No,2,5795,6
No,4,5796,6
No,4,5797,8
No,4,5798,4
No,4,5799,8
No,2,5800,7
No,2,5801,8
No,2,5802,8
No,3,5803,6
No,2,5804,5
No,4,5805,9
No,3,5806,7
No,3,5807,7
No,5,5808,8
No,5,5809,6
No,4,5810,8
No,4,5811,8
No,2,5812,9
No,3,5813,9
No,5,5814,7
No,3,5815,8
No,3,5816,7
No,2,5817,7
No,2,5818,5
No,4,5819,7
No,3,5820,4
No,3,5821,7
No,3,5822,9
No,3,5823,8
No,3,5824,7
No,2,5825,7
No,3,5826,6
No,4,5827,6
No,2,5828,8
No,3,5829,5
No,4,5830,5
No,2,5831,8
No,1,5832,7
No,1,5833,7
No,3,5834,7
No,3,5835,10
No,4,5836,7
No,4,5837,7
No,4,5838,10
No,3,5839,7
No,2,5840,10
No,4,5841,4
No,3,5842,5
No,2,5843,6
No,2,5844,8
No,4,5845,10
No,3,5846,6
No,3,5847,8
No,3,5848,10
No,5,5849,9
No,5,5850,6
No,3,5851,8
No,2,5852,8
No,3,5853,6
No,6,5854,8
No,3,5855,6
No,1,5856,7
No,2,5857,5
No,2,5858,4
No,4,5859,7
No,2,5860,7
No,4,5861,5
No,2,5862,8
No,3,5863,7
No,2,5864,8
No,1,5865,8
No,2,5866,9
No,4,5867,8
No,2,5868,7
No,3,5869,7
No,1,5870,10
No,3,5871,8
No,3,5872,7
No,3,5873,7
No,5,5874,6
No,2,5875,5
No,2,5876,10
No,3,5877,8
No,2,5878,5
No,2,5879,7
No,1,5880,9
No,4,5881,6
No,3,5882,6
No,4,5883,8
No,3,5884,8
No,3,5885,6
No,4,5886,6
No,4,5887,8
No,3,5888,5
No,3,5889,6
No,3,5890,7
No,1,5891,8
No,3,5892,6
No,2,5893,8
No,4,5894,9
No,3,5895,6
No,3,5896,10
No,4,5897,9
No,3,5898,7
No,2,5899,7
No,3,5900,6
No,1,5901,9
No,5,5902,7
No,2,5903,5
No,3,5904,4
No,3,5905,7
No,1,5906,7
No,4,5907,6
No,4,5908,5
No,3,5909,4
No,3,5910,6
No,2,5911,6
No,3,5912,8
No,3,5913,7
No,3,5914,9
No,3,5915,8
No,5,5916,8
No,4,5917,8
No,0,5918,5
No,2,5919,6
No,3,5920,10
No,2,5921,4
No,2,5922,7
No,4,5923,8
No,3,5924,4
No,4,5925,6
No,2,5926,10
No,4,5927,7
No,4,5928,6
No,3,5929,7
No,4,5930,6
No,3,5931,10
No,4,5932,6
No,3,5933,6
No,2,5934,5
No,3,5935,7
No,2,5936,7
No,2,5937,9
No,3,5938,5
No,3,5939,8
No,2,5940,7
No,2,5941,4
No,4,5942,6
No,4,5943,6
No,2,5944,10
No,1,5945,8
No,3,5946,7
No,3,5947,4
No,3,5948,4
No,4,5949,8
No,3,5950,8
No,2,5951,6
No,3,5952,7
No,3,5953,7
No,4,5954,7
No,3,5955,6
No,1,5956,8
No,3,5957,9
No,2,5958,6
No,3,5959,5
No,4,5960,6
No,2,5961,7
No,5,5962,8
No,3,5963,8
No,1,5964,8
No,3,5965,8
No,1,5966,7
No,4,5967,9
No,2,5968,7
No,2,5969,8
No,4,5970,7
No,3,5971,7
No,3,5972,7
No,3,5973,9
No,3,5974,7
No,4,5975,6
No,2,5976,6
No,3,5977,8
No,2,5978,6
No,2,5979,7
No,2,5980,7
No,3,5981,6
No,2,5982,5
No,2,5983,5
No,2,5984,6
No,2,5985,5
No,2,5986,8
No,2,5987,10
No,3,5988,6
No,2,5989,6
No,4,5990,6
No,2,5991,8
No,3,5992,8
No,3,5993,7
No,3,5994,5
No,2,5995,6
No,5,5996,7
No,4,5997,7
No,4,5998,7
No,4,5999,8
No,3,6000,5
No,3,6001,7
No,2,6002,7
No,4,6003,6
No,4,6004,6
No,3,6005,8
No,2,6006,5
No,3,6007,10
No,3,6008,8
No,3,6009,7
No,2,6010,7
No,1,6011,8
No,3,6012,6
No,2,6013,6
No,3,6014,9
No,2,6015,6
No,2,6016,7
No,2,6017,6
No,3,6018,7
No,4,6019,8
No,3,6020,10
No,3,6021,6
No,4,6022,5
No,3,6023,7
No,3,6024,6
No,4,6025,7
No,3,6026,8
No,3,6027,10
No,4,6028,6
No,3,6029,4
No,4,6030,7
No,4,6031,8
No,3,6032,6
No,4,6033,7
No,3,6034,7
No,4,6035,7
No,2,6036,8
No,3,6037,7
No,2,6038,8
No,4,6039,4
No,2,6040,6
No,3,6041,6
No,3,6042,5
No,4,6043,7
No,3,6044,6
No,3,6045,6
No,4,6046,8
No,3,6047,7
No,3,6048,5
No,1,6049,6
No,3,6050,8
No,3,6051,7
No,3,6052,9
No,4,6053,8
No,3,6054,6
No,2,6055,9
No,4,6056,9
No,3,6057,4
No,2,6058,7
No,3,6059,6
No,3,6060,7
No,3,6061,6
No,5,6062,6
No,3,6063,8
No,2,6064,5
No,4,6065,7
No,2,6066,5
No,4,6067,9
No,4,6068,7
No,2,6069,8
No,2,6070,7
No,3,6071,7
No,4,6072,7
No,4,6073,9
No,3,6074,6
No,4,6075,4
No,2,6076,6
No,5,6077,5
No,2,6078,8
No,2,6079,7
No,4,6080,8
No,3,6081,7
No,3,6082,7
No,1,6083,7
No,2,6084,9
No,4,6085,7
No,2,6086,9
No,1,6087,9
No,3,6088,7
No,5,6089,7
No,2,6090,6
No,3,6091,9
No,4,6092,6
No,3,6093,6
No,4,6094,7
No,4,6095,5
No,1,6096,6
No,2,6097,9
No,2,6098,8
No,3,6099,6
No,4,6100,8
No,3,6101,10
No,2,6102,7
No,3,6103,9
No,1,6104,8
No,3,6105,7
No,4,6106,7
No,2,6107,8
No,3,6108,6
No,3,6109,4
No,0,6110,6
No,2,6111,4
No,3,6112,6
No,4,6113,4
No,3,6114,8
No,4,6115,5
No,5,6116,8
No,3,6117,8
No,4,6118,8
No,4,6119,4
No,3,6120,9
No,2,6121,8
No,3,6122,8
No,2,6123,10
No,3,6124,8
No,3,6125,5
No,3,6126,8
No,3,6127,5
No,5,6128,7
No,2,6129,6
No,2,6130,7
No,4,6131,5
No,3,6132,5
No,4,6133,6
No,3,6134,7
No,4,6135,6
No,3,6136,9
No,3,6137,8
No,3,6138,8
No,2,6139,6
No,4,6140,5
No,4,6141,7
No,3,6142,10
No,4,6143,7
No,3,6144,9
No,4,6145,9
No,2,6146,8
No,3,6147,7
No,2,6148,6
No,3,6149,7
No,3,6150,6
No,4,6151,7
No,4,6152,5
No,1,6153,6
No,3,6154,8
No,3,6155,6
No,3,6156,6
No,2,6157,6
No,4,6158,7
No,2,6159,4
No,3,6160,6
No,2,6161,8
No,2,6162,7
No,3,6163,8
No,4,6164,4
No,3,6165,6
No,3,6166,7
No,3,6167,8
No,3,6168,9
No,4,6169,8
No,4,6170,6
No,3,6171,6
No,3,6172,9
No,4,6173,6
No,3,6174,5
No,1,6175,7
No,3,6176,9
No,4,6177,6
No,3,6178,6
No,0,6179,6
No,1,6180,8
No,2,6181,7
No,2,6182,8
No,4,6183,9
No,4,6184,5
No,5,6185,6
No,4,6186,6
No,3,6187,7
No,3,6188,8
No,2,6189,6
No,1,6190,6
No,3,6191,8
No,1,6192,8
No,4,6193,7
No,3,6194,4
No,3,6195,9
No,4,6196,7
No,3,6197,7
No,1,6198,6
No,3,6199,6
No,2,6200,6
No,4,6201,4
No,3,6202,6
No,3,6203,5
No,3,6204,7
No,3,6205,5
No,2,6206,8
No,2,6207,5
No,2,6208,9
No,3,6209,8
No,4,6210,5
No,2,6211,7
No,5,6212,6
No,4,6213,8
No,2,6214,10
No,3,6215,9
No,2,6216,6
No,2,6217,7
No,1,6218,9
No,0,6219,8
No,3,6220,9
No,3,6221,8
No,2,6222,7
No,3,6223,7
No,3,6224,5
No,4,6225,6
No,4,6226,6
No,3,6227,6
No,3,6228,7
No,4,6229,7
No,2,6230,7
No,4,6231,8
No,5,6232,6
No,2,6233,8
No,2,6234,9
No,3,6235,8
No,3,6236,6
No,5,6237,8
No,2,6238,8
No,2,6239,8
No,0,6240,9
No,3,6241,8
No,2,6242,9
No,3,6243,7
No,3,6244,6
No,5,6245,9
No,4,6246,6
No,3,6247,10
No,3,6248,9
No,3,6249,7
No,2,6250,9
No,2,6251,8
No,3,6252,5
No,4,6253,6
No,3,6254,7
No,3,6255,7
No,3,6256,9
No,3,6257,7
No,1,6258,5
No,5,6259,6
No,3,6260,8
No,3,6261,4
No,3,6262,5
No,1,6263,6
No,3,6264,8
No,1,6265,7
No,2,6266,8
No,4,6267,7
No,3,6268,7
No,3,6269,6
No,2,6270,8
No,3,6271,5
No,3,6272,7
No,3,6273,9
No,4,6274,6
No,3,6275,5
No,4,6276,4
No,4,6277,8
No,3,6278,8
No,2,6279,6
No,2,6280,5
No,4,6281,7
No,2,6282,9
No,3,6283,5
No,4,6284,9
No,4,6285,4
No,3,6286,5
No,3,6287,7
No,4,6288,8
No,4,6289,9
No,3,6290,8
No,1,6291,9
No,3,6292,7
No,2,6293,6
No,2,6294,9
No,3,6295,9
No,3,6296,8
No,4,6297,8
No,3,6298,9
No,2,6299,8
No,2,6300,7
No,5,6301,8
No,4,6302,8
No,3,6303,8
No,2,6304,7
No,3,6305,8
No,4,6306,8
No,4,6307,7
No,4,6308,6
No,4,6309,9
No,2,6310,5
No,3,6311,6
No,4,6312,7
No,2,6313,4
No,4,6314,9
No,4,6315,7
No,3,6316,9
No,3,6317,10
No,3,6318,7
No,4,6319,9
No,1,6320,5
No,4,6321,8
No,2,6322,6
No,2,6323,8
No,2,6324,8
No,3,6325,7
No,3,6326,8
No,2,6327,8
No,3,6328,7
No,3,6329,10
No,3,6330,7
No,2,6331,9
No,4,6332,9
No,1,6333,4
No,3,6334,9
No,4,6335,9
No,4,6336,7
No,4,6337,8
No,3,6338,8
No,3,6339,9
No,2,6340,6
No,3,6341,9
No,3,6342,5
No,3,6343,4
No,2,6344,8
No,3,6345,9
No,3,6346,7
No,2,6347,4
No,4,6348,5
No,3,6349,8
No,4,6350,7
No,5,6351,9
No,3,6352,7
No,4,6353,6
No,3,6354,7
No,3,6355,9
No,3,6356,9
No,3,6357,7
No,3,6358,7
No,3,6359,8
No,3,6360,6
No,2,6361,8
No,3,6362,7
No,2,6363,7
No,3,6364,7
No,3,6365,7
No,5,6366,10
No,4,6367,6
No,3,6368,6
No,2,6369,9
No,1,6370,8
No,1,6371,8
No,4,6372,5
No,3,6373,7
No,4,6374,8
No,5,6375,6
No,3,6376,8
No,4,6377,7
No,4,6378,6
No,3,6379,9
No,4,6380,9
No,5,6381,7
No,1,6382,8
No,2,6383,9
No,3,6384,6
No,3,6385,8
No,0,6386,6
No,3,6387,5
No,2,6388,6
No,4,6389,5
No,4,6390,8
No,3,6391,6
No,4,6392,5
No,4,6393,8
No,5,6394,8
No,4,6395,7
No,3,6396,8
No,4,6397,6
No,2,6398,6
No,4,6399,8
No,2,6400,9
No,4,6401,6
No,3,6402,6
No,1,6403,8
No,4,6404,8
No,2,6405,7
No,2,6406,9
No,4,6407,10
No,3,6408,8
No,4,6409,6
No,3,6410,8
No,3,6411,6
No,3,6412,9
No,3,6413,6
No,3,6414,7
No,2,6415,6
No,3,6416,7
No,3,6417,7
No,2,6418,8
No,4,6419,7
No,3,6420,7
No,2,6421,6
No,2,6422,7
No,4,6423,5
No,3,6424,9
No,3,6425,7
No,3,6426,9
No,4,6427,7
No,3,6428,4
No,4,6429,6
No,2,6430,7
No,3,6431,7
No,4,6432,8
No,2,6433,7
No,2,6434,6
No,2,6435,6
No,2,6436,6
No,4,6437,8
No,2,6438,8
No,5,6439,6
No,4,6440,9
No,4,6441,8
No,3,6442,6
No,2,6443,7
No,3,6444,8
No,4,6445,5
No,4,6446,5
No,2,6447,8
No,3,6448,6
No,1,6449,9
No,3,6450,10
No,3,6451,8
No,3,6452,8
No,3,6453,5
No,2,6454,5
No,3,6455,7
No,2,6456,5
No,1,6457,7
No,2,6458,6
No,1,6459,7
No,5,6460,7
No,2,6461,8
No,4,6462,7
No,3,6463,6
No,2,6464,5
No,1,6465,7
No,3,6466,4
No,4,6467,9
No,3,6468,8
No,2,6469,8
No,4,6470,6
No,5,6471,8
No,3,6472,6
No,4,6473,7
No,3,6474,6
No,2,6475,7
No,3,6476,5
No,4,6477,7
No,3,6478,5
No,3,6479,10
No,0,6480,7
No,3,6481,7
No,3,6482,8
No,2,6483,5
No,4,6484,6
No,1,6485,8
No,2,6486,7
No,3,6487,6
No,4,6488,8
No,3,6489,7
No,3,6490,8
No,3,6491,8
No,3,6492,6
No,3,6493,7
No,4,6494,4
No,3,6495,6
No,3,6496,7
No,3,6497,8
No,5,6498,8
No,2,6499,6
No,2,6500,6
No,2,6501,9
No,2,6502,7
No,3,6503,7
No,2,6504,8
No,3,6505,7
No,1,6506,7
No,5,6507,7
No,3,6508,6
No,4,6509,7
No,3,6510,4
No,4,6511,6
No,3,6512,8
No,4,6513,8
No,4,6514,9
No,1,6515,8
No,2,6516,8
No,3,6517,7
No,4,6518,6
No,3,6519,8
No,2,6520,7
No,3,6521,6
No,3,6522,6
No,3,6523,7
No,4,6524,9
No,2,6525,7
No,3,6526,7
No,2,6527,8
No,2,6528,8
No,2,6529,7
No,2,6530,7
No,4,6531,6
No,2,6532,9
No,4,6533,6
No,3,6534,9
No,4,6535,7
No,3,6536,7
No,4,6537,8
No,4,6538,6
No,2,6539,8
No,5,6540,7
No,2,6541,8
No,2,6542,6
No,3,6543,6
No,3,6544,4
No,2,6545,6
No,4,6546,6
No,3,6547,6
No,4,6548,7
No,3,6549,7
No,4,6550,8
No,3,6551,8
No,3,6552,8
No,4,6553,8
No,2,6554,7
No,3,6555,7
No,2,6556,8
No,2,6557,8
No,3,6558,5
No,4,6559,7
No,3,6560,4
No,3,6561,4
No,4,6562,6
No,3,6563,7
No,3,6564,6
No,3,6565,4
No,3,6566,8
No,1,6567,6
No,2,6568,8
No,3,6569,6
No,4,6570,6
No,3,6571,8
No,3,6572,6
No,4,6573,7
No,3,6574,7
No,3,6575,5
No,4,6576,8
No,3,6577,6
No,2,6578,5
No,3,6579,6
No,3,6580,8
No,3,6581,5
No,3,6582,8
No,5,6583,8
No,3,6584,7
No,2,6585,7
No,3,6586,7
No,4,6587,8
No,2,6588,6
No,3,6589,5
No,2,6590,7
No,5,6591,8
No,4,6592,8
No,4,6593,10
No,3,6594,7
No,3,6595,7
No,2,6596,7
No,2,6597,6
No,2,6598,6
No,3,6599,5
No,4,6600,4
No,2,6601,6
No,2,6602,7
No,2,6603,8
No,3,6604,6
No,4,6605,6
No,64,6606,9
